Name,Full name,Description,Location,Coordinates,URL,Version,DNSSEC validation,No logs,Namecoin,Resolver address,Provider name,Provider public key,Provider public key TXT record
adguard-dns,adguard-dns,Remove ads and protect your computer from malware,,,,2,yes,yes,no,94.140.14.14:5443,2.dnscrypt.default.ns1.adguard.com,D12B:47F2:52DC:F2C2:BBF8:9910:86EA:F79C:E449:5D8B:16C8:A0C4:322E:52CA:3F39:0873,
adguard-dns-family,adguard-dns-family,Adguard DNS with safesearch and adult content blocking,,,,2,yes,yes,no,94.140.14.15:5443,2.dnscrypt.family.ns1.adguard.com,B831:5DD7:B14B:6EE3:20A4:70DC:2ED6:B1AA:398C:C9E5:86F8:5D45:45D6:B8C9:B500:5ABA,
adguard-dns-family-ipv6,adguard-dns-family-ipv6,Adguard DNS with safesearch and adult content blocking (over IPv6),,,,2,yes,yes,no,[2a10:50c0::bad1:ff]:5443,2.dnscrypt.family.ns1.adguard.com,B831:5DD7:B14B:6EE3:20A4:70DC:2ED6:B1AA:398C:C9E5:86F8:5D45:45D6:B8C9:B500:5ABA,
adguard-dns-ipv6,adguard-dns-ipv6,Remove ads and protect your computer from malware (over IPv6),,,,2,yes,yes,no,[2a10:50c0::ad1:ff]:5443,2.dnscrypt.default.ns1.adguard.com,D12B:47F2:52DC:F2C2:BBF8:9910:86EA:F79C:E449:5D8B:16C8:A0C4:322E:52CA:3F39:0873,
adguard-dns-unfiltered,adguard-dns-unfiltered,AdGuard public DNS servers without filters,,,,2,yes,yes,no,94.140.14.140:5443,2.dnscrypt.unfiltered.ns1.adguard.com,B5E8:44D6:B83A:3E3E:1268:EB68:1FBE:A70D:E3C5:FA68:DBD6:8814:1DBF:2EC0:66B2:DAFA,
adguard-dns-unfiltered-ipv6,adguard-dns-unfiltered-ipv6,AdGuard public DNS servers without filters (over IPv6),,,,2,yes,yes,no,[2a10:50c0::1:ff]:5443,2.dnscrypt.unfiltered.ns1.adguard.com,B5E8:44D6:B83A:3E3E:1268:EB68:1FBE:A70D:E3C5:FA68:DBD6:8814:1DBF:2EC0:66B2:DAFA,
ams-dnscrypt-nl,ams-dnscrypt-nl,"Resolver in Amsterdam. Dnscrypt protocol. Non-logging, non-filtering, DNSSEC.",,,,2,yes,yes,no,89.38.131.38:4343,2.dnscrypt-cert.ams-dnscrypt-nl,A587:4BDA:F416:8298:FBEC:1C9C:9975:02BE:5A39:46FD:D71B:2E7E:F3D4:8E27:77AC:D45A,
ams-dnscrypt-nl-ipv6,ams-dnscrypt-nl-ipv6,"Resolver in Amsterdam. Dnscrypt protocol. Non-logging, non-filtering, DNSSEC.",,,,2,yes,yes,no,[2a0c:b9c0:f:451d::1]:4343,2.dnscrypt-cert.ams-dnscrypt-nl,A587:4BDA:F416:8298:FBEC:1C9C:9975:02BE:5A39:46FD:D71B:2E7E:F3D4:8E27:77AC:D45A,
bebasdns,bebasdns,"BebasDNS default server by BebasID. DNSSEC and OpenNIC supported. Filters ads, tracker, and malware.",,,,2,yes,yes,no,103.87.68.194:8443,2.dnscrypt-cert.dns.bebasid.com,315C:32A4:76B3:9AA3:C65E:2F2B:BBBD:39D5:AD3D:02ED:894F:34D7:FAB6:B74C:9237:BB41,
bebasdns-family,bebasdns-family,"BebasDNS Family Variant by BebasID. DNSSEC and OpenNIC supported. Blocks malicious links, pornography, gambling, and hate websites.",,,,2,yes,yes,no,103.87.68.196:8443,2.dnscrypt-cert.internetsehat.bebasid.com,F993:8BE0:2079:8109:9D83:78BB:66A0:356E:D42E:A756:B44D:CD25:6067:54F4:9B4F:B7AC,
bebasdns-security,bebasdns-security,BebasDNS Security Variant by BebasID. DNSSEC and OpenNIC supported. Only blocks malicious links.,,,,2,yes,yes,no,103.87.68.195:8443,2.dnscrypt-cert.antivirus.bebasid.com,F16D:9CCF:31A7:5EB4:6D85:A1DA:F345:FA22:2632:62DD:CC5B:3ACB:CA02:F332:274F:6B7E,
bebasdns-unfiltered-dnscrypt,bebasdns-unfiltered-dnscrypt,BebasDNS by BebasID. DNSSEC and OpenNIC supported. This variant is unfiltered and using DNSCrypt protocol.,,,,2,yes,yes,no,35.219.67.150:5443,2.dnscrypt-cert.unfiltered.dns.bebasid.com,2D0C:2F48:E35F:788F:7534:9597:0404:F3DD:E372:2F47:C806:34E4:B940:D548:C7FE:CF37,
cisco,cisco,Remove your DNS blind spot (DNSCrypt protocol),,,,1,yes,no,no,208.67.220.220,2.dnscrypt-cert.opendns.com,B735:1140:206F:225D:3E2B:D822:D7FD:691E:A1C3:3CC8:D666:8D0C:BE04:BFAB:CA43:FB79,
cisco-familyshield,cisco-familyshield,Block websites not suitable for children (DNSCrypt protocol),,,,1,yes,no,no,208.67.220.123,2.dnscrypt-cert.opendns.com,B735:1140:206F:225D:3E2B:D822:D7FD:691E:A1C3:3CC8:D666:8D0C:BE04:BFAB:CA43:FB79,
cisco-familyshield-ipv6,cisco-familyshield-ipv6,Block websites not suitable for children (IPv6),,,,1,yes,no,no,[2620:119:35::35],2.dnscrypt-cert.opendns.com,B735:1140:206F:225D:3E2B:D822:D7FD:691E:A1C3:3CC8:D666:8D0C:BE04:BFAB:CA43:FB79,
cisco-ipv6,cisco-ipv6,Cisco OpenDNS over IPv6 (DNSCrypt protocol),,,,1,yes,no,no,[2620:0:ccc::2],2.dnscrypt-cert.opendns.com,B735:1140:206F:225D:3E2B:D822:D7FD:691E:A1C3:3CC8:D666:8D0C:BE04:BFAB:CA43:FB79,
cisco-sandbox,cisco-sandbox,Cisco OpenDNS Sandbox (anycast) - RFC-compliant DNS service without filtering,,,,1,yes,no,no,146.112.41.4,2.dnscrypt-cert.opendns.com,B735:1140:206F:225D:3E2B:D822:D7FD:691E:A1C3:3CC8:D666:8D0C:BE04:BFAB:CA43:FB79,
cleanbrowsing-adult,cleanbrowsing-adult,"Blocks access to all adult, pornographic and explicit sites. It does",,,,2,yes,yes,no,185.228.168.10:8443,cleanbrowsing.org,BCAC:32FA:D543:6917:1F08:32D6:0750:27C3:208C:EEF0:E8E9:9F94:18DC:7760:65D4:8F29,
cleanbrowsing-family,cleanbrowsing-family,"Blocks access to all adult, pornographic and explicit sites. It also",,,,2,yes,yes,no,185.228.168.168:8443,cleanbrowsing.org,BCAC:32FA:D543:6917:1F08:32D6:0750:27C3:208C:EEF0:E8E9:9F94:18DC:7760:65D4:8F29,
comodo-02,comodo-02,Comodo Dome Shield (anycast) - https://cdome.comodo.com/shield/,,,,2,yes,no,no,8.20.247.2,2.dnscrypt-cert.shield-2.dnsbycomodo.com,D2C2:54AA:961C:1ECA:1799:96F5:5FBC:801F:0836:C723:79AB:527E:CDA8:861B:E0E0:B3B0,
cs-austria,cs-austria,"Wien, Austria DNSCrypt server provided by https://cryptostorm.is/",,,,2,no,yes,no,94.198.41.235:443,2.dnscrypt-cert.cryptostorm.is,3133:72AD:5956:32C2:416B:872F:098F:851B:DDB9:6528:4C6C:BE9A:4F19:0964:30DB:A95A,
cs-barcelona,cs-barcelona,"Barcelona, Spain DNSCrypt server provided by https://cryptostorm.is/",,,,2,no,yes,no,37.120.142.115:443,2.dnscrypt-cert.cryptostorm.is,3133:72AD:5956:32C2:416B:872F:098F:851B:DDB9:6528:4C6C:BE9A:4F19:0964:30DB:A95A,
cs-belgium,cs-belgium,"Brussels, Belgium DNSCrypt server provided by https://cryptostorm.is/",,,,2,no,yes,no,37.120.236.11:443,2.dnscrypt-cert.cryptostorm.is,3133:72AD:5956:32C2:416B:872F:098F:851B:DDB9:6528:4C6C:BE9A:4F19:0964:30DB:A95A,
cs-berlin,cs-berlin,"Berlin, Germany DNSCrypt server provided by https://cryptostorm.is/",,,,2,no,yes,no,37.120.217.75:443,2.dnscrypt-cert.cryptostorm.is,3133:72AD:5956:32C2:416B:872F:098F:851B:DDB9:6528:4C6C:BE9A:4F19:0964:30DB:A95A,
cs-brazil,cs-brazil,"Sao Paulo, Brazil DNSCrypt server provided by https://cryptostorm.is/",,,,2,no,yes,no,177.54.145.131:443,2.dnscrypt-cert.cryptostorm.is,3133:72AD:5956:32C2:416B:872F:098F:851B:DDB9:6528:4C6C:BE9A:4F19:0964:30DB:A95A,
cs-bulgaria,cs-bulgaria,"Sofia, Bulgaria DNSCrypt server provided by https://cryptostorm.is/",,,,2,no,yes,no,37.120.152.235:443,2.dnscrypt-cert.cryptostorm.is,3133:72AD:5956:32C2:416B:872F:098F:851B:DDB9:6528:4C6C:BE9A:4F19:0964:30DB:A95A,
cs-ch,cs-ch,Switzerland DNSCrypt server provided by https://cryptostorm.is/,,,,2,no,yes,no,190.211.255.227:443,2.dnscrypt-cert.cryptostorm.is,3133:72AD:5956:32C2:416B:872F:098F:851B:DDB9:6528:4C6C:BE9A:4F19:0964:30DB:A95A,
cs-ch2,cs-ch2,Switzerland 2 DNSCrypt server provided by https://cryptostorm.is/,,,,2,no,yes,no,146.70.135.59:443,2.dnscrypt-cert.cryptostorm.is,3133:72AD:5956:32C2:416B:872F:098F:851B:DDB9:6528:4C6C:BE9A:4F19:0964:30DB:A95A,
cs-czech,cs-czech,"Prague, Czech Republic DNSCrypt server provided by https://cryptostorm.is/",,,,2,no,yes,no,217.138.220.243:443,2.dnscrypt-cert.cryptostorm.is,3133:72AD:5956:32C2:416B:872F:098F:851B:DDB9:6528:4C6C:BE9A:4F19:0964:30DB:A95A,
cs-dc,cs-dc,"US - Washington, DC DNSCrypt server provided by https://cryptostorm.is/",,,,2,no,yes,no,198.7.58.227:443,2.dnscrypt-cert.cryptostorm.is,3133:72AD:5956:32C2:416B:872F:098F:851B:DDB9:6528:4C6C:BE9A:4F19:0964:30DB:A95A,
cs-de,cs-de,"Frankfurt, Germany DNSCrypt server provided by https://cryptostorm.is/",,,,2,no,yes,no,146.70.82.3:443,2.dnscrypt-cert.cryptostorm.is,3133:72AD:5956:32C2:416B:872F:098F:851B:DDB9:6528:4C6C:BE9A:4F19:0964:30DB:A95A,
cs-dk,cs-dk,Denmark DNSCrypt server provided by https://cryptostorm.is/,,,,2,no,yes,no,37.120.232.43:443,2.dnscrypt-cert.cryptostorm.is,3133:72AD:5956:32C2:416B:872F:098F:851B:DDB9:6528:4C6C:BE9A:4F19:0964:30DB:A95A,
cs-dus1,cs-dus1,"Dusseldorf, Germany 1 DNSCrypt server provided by https://cryptostorm.is/",,,,2,no,yes,no,213.202.216.12:443,2.dnscrypt-cert.cryptostorm.is,3133:72AD:5956:32C2:416B:872F:098F:851B:DDB9:6528:4C6C:BE9A:4F19:0964:30DB:A95A,
cs-dus2,cs-dus2,"Dusseldorf, Germany 2 DNSCrypt server provided by https://cryptostorm.is/",,,,2,no,yes,no,213.202.216.236:443,2.dnscrypt-cert.cryptostorm.is,3133:72AD:5956:32C2:416B:872F:098F:851B:DDB9:6528:4C6C:BE9A:4F19:0964:30DB:A95A,
cs-dus3,cs-dus3,"Dusseldorf, Germany 3 DNSCrypt server provided by https://cryptostorm.is/",,,,2,no,yes,no,89.163.221.181:443,2.dnscrypt-cert.cryptostorm.is,3133:72AD:5956:32C2:416B:872F:098F:851B:DDB9:6528:4C6C:BE9A:4F19:0964:30DB:A95A,
cs-dus4,cs-dus4,"Dusseldorf, Germany 4 DNSCrypt server provided by https://cryptostorm.is/",,,,2,no,yes,no,85.114.138.119:443,2.dnscrypt-cert.cryptostorm.is,3133:72AD:5956:32C2:416B:872F:098F:851B:DDB9:6528:4C6C:BE9A:4F19:0964:30DB:A95A,
cs-finland,cs-finland,Finland DNSCrypt server provided by https://cryptostorm.is,,,,2,no,yes,no,185.117.118.20:443,2.dnscrypt-cert.cryptostorm.is,3133:72AD:5956:32C2:416B:872F:098F:851B:DDB9:6528:4C6C:BE9A:4F19:0964:30DB:A95A,
cs-fl,cs-fl,"US - Miami, FL DNSCrypt server provided by https://cryptostorm.is/",,,,2,no,yes,no,23.19.117.55:443,2.dnscrypt-cert.cryptostorm.is,3133:72AD:5956:32C2:416B:872F:098F:851B:DDB9:6528:4C6C:BE9A:4F19:0964:30DB:A95A,
cs-fl2,cs-fl2,"US - Miami, FL 2 DNSCrypt server provided by https://cryptostorm.is/",,,,2,no,yes,no,23.19.117.51:443,2.dnscrypt-cert.cryptostorm.is,3133:72AD:5956:32C2:416B:872F:098F:851B:DDB9:6528:4C6C:BE9A:4F19:0964:30DB:A95A,
cs-fr,cs-fr,France DNSCrypt server provided by https://cryptostorm.is/,,,,2,no,yes,no,163.172.34.56:443,2.dnscrypt-cert.cryptostorm.is,3133:72AD:5956:32C2:416B:872F:098F:851B:DDB9:6528:4C6C:BE9A:4F19:0964:30DB:A95A,
cs-ga,cs-ga,"US - Atlanta, GA DNSCrypt server provided by https://cryptostorm.is/",,,,2,no,yes,no,64.42.181.227:443,2.dnscrypt-cert.cryptostorm.is,3133:72AD:5956:32C2:416B:872F:098F:851B:DDB9:6528:4C6C:BE9A:4F19:0964:30DB:A95A,
cs-hungary,cs-hungary,"Budapest, Hungary DNSCrypt server provided by https://cryptostorm.is/",,,,2,no,yes,no,86.106.74.219:443,2.dnscrypt-cert.cryptostorm.is,3133:72AD:5956:32C2:416B:872F:098F:851B:DDB9:6528:4C6C:BE9A:4F19:0964:30DB:A95A,
cs-il,cs-il,"US - Chicago, IL DNSCrypt server provided by https://cryptostorm.is/",,,,2,no,yes,no,173.234.56.115:443,2.dnscrypt-cert.cryptostorm.is,3133:72AD:5956:32C2:416B:872F:098F:851B:DDB9:6528:4C6C:BE9A:4F19:0964:30DB:A95A,
cs-il2,cs-il2,"US - Chicago, IL 2 DNSCrypt server provided by https://cryptostorm.is/",,,,2,no,yes,no,108.181.63.163:443,2.dnscrypt-cert.cryptostorm.is,3133:72AD:5956:32C2:416B:872F:098F:851B:DDB9:6528:4C6C:BE9A:4F19:0964:30DB:A95A,
cs-india,cs-india,India DNSCrypt server provided by https://cryptostorm.is/,,,,2,no,yes,no,165.231.253.163:443,2.dnscrypt-cert.cryptostorm.is,3133:72AD:5956:32C2:416B:872F:098F:851B:DDB9:6528:4C6C:BE9A:4F19:0964:30DB:A95A,
cs-ireland,cs-ireland,"Dublin, Ireland DNSCrypt server provided by https://cryptostorm.is/",,,,2,no,yes,no,37.120.235.187:443,2.dnscrypt-cert.cryptostorm.is,3133:72AD:5956:32C2:416B:872F:098F:851B:DDB9:6528:4C6C:BE9A:4F19:0964:30DB:A95A,
cs-la,cs-la,"US - Los Angeles, CA DNSCrypt server provided by https://cryptostorm.is/",,,,2,no,yes,no,195.206.104.203:443,2.dnscrypt-cert.cryptostorm.is,3133:72AD:5956:32C2:416B:872F:098F:851B:DDB9:6528:4C6C:BE9A:4F19:0964:30DB:A95A,
cs-london,cs-london,"London, England DNSCrypt server provided by https://cryptostorm.is/",,,,2,no,yes,no,78.129.140.65:443,2.dnscrypt-cert.cryptostorm.is,3133:72AD:5956:32C2:416B:872F:098F:851B:DDB9:6528:4C6C:BE9A:4F19:0964:30DB:A95A,
cs-lv,cs-lv,Latvia DNSCrypt server provided by https://cryptostorm.is/,,,,2,no,yes,no,109.248.149.133:443,2.dnscrypt-cert.cryptostorm.is,3133:72AD:5956:32C2:416B:872F:098F:851B:DDB9:6528:4C6C:BE9A:4F19:0964:30DB:A95A,
cs-madrid,cs-madrid,"Madrid, Spain DNSCrypt server provided by https://cryptostorm.is/",,,,2,no,yes,no,185.183.106.83:443,2.dnscrypt-cert.cryptostorm.is,3133:72AD:5956:32C2:416B:872F:098F:851B:DDB9:6528:4C6C:BE9A:4F19:0964:30DB:A95A,
cs-manchester,cs-manchester,"Manchester, England DNSCrypt server provided by https://cryptostorm.is/",,,,2,no,yes,no,195.12.48.171:443,2.dnscrypt-cert.cryptostorm.is,3133:72AD:5956:32C2:416B:872F:098F:851B:DDB9:6528:4C6C:BE9A:4F19:0964:30DB:A95A,
cs-md,cs-md,Moldova DNSCrypt server provided by https://cryptostorm.is/,,,,2,no,yes,no,178.175.129.16:443,2.dnscrypt-cert.cryptostorm.is,3133:72AD:5956:32C2:416B:872F:098F:851B:DDB9:6528:4C6C:BE9A:4F19:0964:30DB:A95A,
cs-mexico,cs-mexico,"Mexico City, Mexico DNSCrypt server provided by https://cryptostorm.is/",,,,2,no,yes,no,103.14.26.190:443,2.dnscrypt-cert.cryptostorm.is,3133:72AD:5956:32C2:416B:872F:098F:851B:DDB9:6528:4C6C:BE9A:4F19:0964:30DB:A95A,
cs-milan,cs-milan,"Milan, Italy DNSCrypt server provided by https://cryptostorm.is/",,,,2,no,yes,no,217.138.219.219:443,2.dnscrypt-cert.cryptostorm.is,3133:72AD:5956:32C2:416B:872F:098F:851B:DDB9:6528:4C6C:BE9A:4F19:0964:30DB:A95A,
cs-montreal,cs-montreal,"Montreal, Canada DNSCrypt server provided by https://cryptostorm.is/",,,,2,no,yes,no,176.113.74.19:443,2.dnscrypt-cert.cryptostorm.is,3133:72AD:5956:32C2:416B:872F:098F:851B:DDB9:6528:4C6C:BE9A:4F19:0964:30DB:A95A,
cs-nc,cs-nc,US - North Carolina DNSCrypt server provided by https://cryptostorm.is/,,,,2,no,yes,no,155.254.21.250:443,2.dnscrypt-cert.cryptostorm.is,3133:72AD:5956:32C2:416B:872F:098F:851B:DDB9:6528:4C6C:BE9A:4F19:0964:30DB:A95A,
cs-nl,cs-nl,Netherlands DNSCrypt server provided by https://cryptostorm.is/,,,,2,no,yes,no,185.107.80.84:443,2.dnscrypt-cert.cryptostorm.is,3133:72AD:5956:32C2:416B:872F:098F:851B:DDB9:6528:4C6C:BE9A:4F19:0964:30DB:A95A,
cs-nl2,cs-nl2,Netherlands 2 DNSCrypt server provided by https://cryptostorm.is/,,,,2,no,yes,no,108.181.124.27,2.dnscrypt-cert.cryptostorm.is,3133:72AD:5956:32C2:416B:872F:098F:851B:DDB9:6528:4C6C:BE9A:4F19:0964:30DB:A95A,
cs-norway,cs-norway,"Oslo, Norway DNSCrypt server provided by https://cryptostorm.is/",,,,2,no,yes,no,91.219.215.227:443,2.dnscrypt-cert.cryptostorm.is,3133:72AD:5956:32C2:416B:872F:098F:851B:DDB9:6528:4C6C:BE9A:4F19:0964:30DB:A95A,
cs-nv,cs-nv,"US - Las Vegas, NV DNSCrypt server provided by https://cryptostorm.is/",,,,2,no,yes,no,37.120.147.2:443,2.dnscrypt-cert.cryptostorm.is,3133:72AD:5956:32C2:416B:872F:098F:851B:DDB9:6528:4C6C:BE9A:4F19:0964:30DB:A95A,
cs-nyc1,cs-nyc1,"US - New York City, NY 1 DNSCrypt server provided by https://cryptostorm.is/",,,,2,no,yes,no,23.19.245.88:443,2.dnscrypt-cert.cryptostorm.is,3133:72AD:5956:32C2:416B:872F:098F:851B:DDB9:6528:4C6C:BE9A:4F19:0964:30DB:A95A,
cs-nyc2,cs-nyc2,"US - New York City, NY 2 DNSCrypt server provided by https://cryptostorm.is/",,,,2,no,yes,no,23.19.245.84:443,2.dnscrypt-cert.cryptostorm.is,3133:72AD:5956:32C2:416B:872F:098F:851B:DDB9:6528:4C6C:BE9A:4F19:0964:30DB:A95A,
cs-ore,cs-ore,US - Oregon DNSCrypt server provided by https://cryptostorm.is/,,,,2,no,yes,no,104.255.175.2:443,2.dnscrypt-cert.cryptostorm.is,3133:72AD:5956:32C2:416B:872F:098F:851B:DDB9:6528:4C6C:BE9A:4F19:0964:30DB:A95A,
cs-poland,cs-poland,"Warsaw, Poland DNSCrypt server provided by https://cryptostorm.is/",,,,2,no,yes,no,37.120.211.91:443,2.dnscrypt-cert.cryptostorm.is,3133:72AD:5956:32C2:416B:872F:098F:851B:DDB9:6528:4C6C:BE9A:4F19:0964:30DB:A95A,
cs-pt,cs-pt,Portugal DNSCrypt server provided by https://cryptostorm.is/,,,,2,no,yes,no,91.205.230.224:443,2.dnscrypt-cert.cryptostorm.is,3133:72AD:5956:32C2:416B:872F:098F:851B:DDB9:6528:4C6C:BE9A:4F19:0964:30DB:A95A,
cs-ro,cs-ro,Romania DNSCrypt server provided by https://cryptostorm.is/,,,,2,no,yes,no,146.70.66.227:443,2.dnscrypt-cert.cryptostorm.is,3133:72AD:5956:32C2:416B:872F:098F:851B:DDB9:6528:4C6C:BE9A:4F19:0964:30DB:A95A,
cs-rome,cs-rome,"Rome, Italy DNSCrypt server provided by https://cryptostorm.is/",,,,2,no,yes,no,37.120.207.131:443,2.dnscrypt-cert.cryptostorm.is,3133:72AD:5956:32C2:416B:872F:098F:851B:DDB9:6528:4C6C:BE9A:4F19:0964:30DB:A95A,
cs-sea,cs-sea,"US - Seattle, WA DNSCrypt server provided by https://cryptostorm.is/",,,,2,no,yes,no,64.120.5.251:443,2.dnscrypt-cert.cryptostorm.is,3133:72AD:5956:32C2:416B:872F:098F:851B:DDB9:6528:4C6C:BE9A:4F19:0964:30DB:A95A,
cs-serbia,cs-serbia,"Belgrade, Serbia DNSCrypt server provided by https://cryptostorm.is/",,,,2,no,yes,no,37.120.193.219:443,2.dnscrypt-cert.cryptostorm.is,3133:72AD:5956:32C2:416B:872F:098F:851B:DDB9:6528:4C6C:BE9A:4F19:0964:30DB:A95A,
cs-singapore,cs-singapore,Singapore DNSCrypt server provided by https://cryptostorm.is/,,,,2,no,yes,no,37.120.151.11:443,2.dnscrypt-cert.cryptostorm.is,3133:72AD:5956:32C2:416B:872F:098F:851B:DDB9:6528:4C6C:BE9A:4F19:0964:30DB:A95A,
cs-sk,cs-sk,South Korea DNSCrypt server provided by https://cryptostorm.is/,,,,2,no,yes,no,108.181.50.218,2.dnscrypt-cert.cryptostorm.is,3133:72AD:5956:32C2:416B:872F:098F:851B:DDB9:6528:4C6C:BE9A:4F19:0964:30DB:A95A,
cs-slovakia,cs-slovakia,"Bratislava, Slovakia DNSCrypt server provided by https://cryptostorm.is/",,,,2,no,yes,no,193.37.255.227:443,2.dnscrypt-cert.cryptostorm.is,3133:72AD:5956:32C2:416B:872F:098F:851B:DDB9:6528:4C6C:BE9A:4F19:0964:30DB:A95A,
cs-swe,cs-swe,Sweden DNSCrypt server provided by https://cryptostorm.is/,,,,2,no,yes,no,128.127.104.108:443,2.dnscrypt-cert.cryptostorm.is,3133:72AD:5956:32C2:416B:872F:098F:851B:DDB9:6528:4C6C:BE9A:4F19:0964:30DB:A95A,
cs-sydney,cs-sydney,"Sydney, Australia DNSCrypt server provided by https://cryptostorm.is/",,,,2,no,yes,no,37.120.234.251:443,2.dnscrypt-cert.cryptostorm.is,3133:72AD:5956:32C2:416B:872F:098F:851B:DDB9:6528:4C6C:BE9A:4F19:0964:30DB:A95A,
cs-tokyo,cs-tokyo,"Tokyo, Japan DNSCrypt server provided by https://cryptostorm.is/",,,,2,no,yes,no,146.70.31.43:443,2.dnscrypt-cert.cryptostorm.is,3133:72AD:5956:32C2:416B:872F:098F:851B:DDB9:6528:4C6C:BE9A:4F19:0964:30DB:A95A,
cs-tx,cs-tx,"US - Dallas, TX DNSCrypt server provided by https://cryptostorm.is/",,,,2,no,yes,no,209.58.147.36:443,2.dnscrypt-cert.cryptostorm.is,3133:72AD:5956:32C2:416B:872F:098F:851B:DDB9:6528:4C6C:BE9A:4F19:0964:30DB:A95A,
cs-tx2,cs-tx2,"US - Dallas, TX 2 DNSCrypt server provided by https://cryptostorm.is/",,,,2,no,yes,no,108.181.101.27:443,2.dnscrypt-cert.cryptostorm.is,3133:72AD:5956:32C2:416B:872F:098F:851B:DDB9:6528:4C6C:BE9A:4F19:0964:30DB:A95A,
cs-tx3,cs-tx3,"US - Dallas, TX 3 DNSCrypt server provided by https://cryptostorm.is/",,,,2,no,yes,no,108.181.101.67:443,2.dnscrypt-cert.cryptostorm.is,3133:72AD:5956:32C2:416B:872F:098F:851B:DDB9:6528:4C6C:BE9A:4F19:0964:30DB:A95A,
cs-vancouver,cs-vancouver,"Vancouver, Canada DNSCrypt server provided by https://cryptostorm.is/",,,,2,no,yes,no,71.19.251.34:443,2.dnscrypt-cert.cryptostorm.is,3133:72AD:5956:32C2:416B:872F:098F:851B:DDB9:6528:4C6C:BE9A:4F19:0964:30DB:A95A,
dct-nl,dct-nl,"DNSCrypt | IPv4 only | Non-logging | Non-filtering | DNSSEC | Dronten, Netherlands.",,,,2,yes,yes,no,5.255.105.24:8443,2.dnscrypt-cert.dct-nl,6603:8F1A:81BA:8760:E755:E206:CF0E:DF5F:F593:1301:0CD9:7F39:E6D0:D701:6BC7:BF41,
dct-ru,dct-ru,"DNSCrypt | IPv4 only | Non-logging | Non-filtering | DNSSEC | Moscow, Russia.",,,,2,yes,yes,no,185.22.154.19,2.dnscrypt-cert.dct-ru,2C07:883D:5CFB:6B9A:B3E2:E534:5BDF:145F:1B4D:3C36:3018:D7EF:C311:8133:6A59:493D,
decloudus-nogoogle-tst,decloudus-nogoogle-tst,"Servers helps you deGoogle and unGoogle by completely blocking Google tracking in addition to annoying ads, online trackers, and malware. Supports DNSSEC. No Logs.",,,,2,yes,yes,no,78.47.212.211:9443,2.dnscrypt-cert.DeCloudUs-test,4D44:DE13:695C:A791:CC24:5406:D206:B0AF:AF85:F773:70B2:833F:F854:351C:4618:6163,
decloudus-nogoogle-tstipv6,decloudus-nogoogle-tstipv6,"Servers helps you deGoogle and unGoogle by completely blocking Google tracking in addition to annoying ads, online trackers, and malware. Supports DNSSEC. No Logs. For IPv6.",,,,2,yes,yes,no,[2a01:4f8:13a:250b::30]:9443,2.dnscrypt-cert.DeCloudUs-test,4D44:DE13:695C:A791:CC24:5406:D206:B0AF:AF85:F773:70B2:833F:F854:351C:4618:6163,
deffer-dns.au,deffer-dns.au,DNSSEC/Non-logged/Uncensored in Sydney (AWS).,,,,2,yes,yes,no,52.65.235.129,2.dnscrypt-cert.deffer-dns.au,E50D:3444:30C1:930C:777D:469A:D3F7:AD8F:3E22:1F79:4B04:EAAC:83DE:5B60:3995:D3B3,
dns.b33.network-dnscrypt,dns.b33.network-dnscrypt,"DNSCrypt | IPv4 only | Non-logging | DNSSEC | Blocks ads, malware, trackers, viruses, ransomware, telemetry and more | hosted on OVH | Location: Paris, France | Maintained by 0xb33 - (https://github.com/0xb33)",,,,2,yes,yes,no,162.19.129.20:5443,2.dnscrypt-cert.b33.network,4B03:10F6:23E9:CB97:3AE3:0D08:57FD:E34B:A826:FEFC:3208:1221:FB30:11B6:81B9:622D,
dnscry.pt-adelaide-ipv4,dnscry.pt-adelaide-ipv4,"DNSCry.pt Adelaide - DNSCrypt, no filter, no logs, DNSSEC support (IPv4 server)",,,,2,yes,yes,no,23.140.248.100,2.dnscrypt-cert.dnscry.pt,56B7:CC14:0DB3:98E3:1084:87B2:4A58:ED64:8D2B:8B0B:8FFA:AB6C:588B:939B:5204:DD6E,
dnscry.pt-adelaide-ipv6,dnscry.pt-adelaide-ipv6,"DNSCry.pt Adelaide - DNSCrypt, no filter, no logs, DNSSEC support (IPv6 server)",,,,2,yes,yes,no,[2602:fba1:a00::100:1],2.dnscrypt-cert.dnscry.pt,56B7:CC14:0DB3:98E3:1084:87B2:4A58:ED64:8D2B:8B0B:8FFA:AB6C:588B:939B:5204:DD6E,
dnscry.pt-allentown-ipv4,dnscry.pt-allentown-ipv4,"DNSCry.pt Allentown - DNSCrypt, no filter, no logs, DNSSEC support (IPv4 server)",,,,2,yes,yes,no,23.137.253.24,2.dnscrypt-cert.dnscry.pt,DD9D:1823:BB9D:5C88:CA59:C3C2:E467:539B:8524:E83D:71D8:3BB2:62E8:F639:9CF6:70A4,
dnscry.pt-allentown-ipv6,dnscry.pt-allentown-ipv6,"DNSCry.pt Allentown - DNSCrypt, no filter, no logs, DNSSEC support (IPv6 server)",,,,2,yes,yes,no,[2602:fc24:19:74b0:5285::12],2.dnscrypt-cert.dnscry.pt,DD9D:1823:BB9D:5C88:CA59:C3C2:E467:539B:8524:E83D:71D8:3BB2:62E8:F639:9CF6:70A4,
dnscry.pt-amsterdam-ipv4,dnscry.pt-amsterdam-ipv4,"DNSCry.pt Amsterdam - DNSCrypt, no filter, no logs, DNSSEC support (IPv4 server)",,,,2,yes,yes,no,45.86.162.110,2.dnscrypt-cert.dnscry.pt,6E5C:573C:9A33:687D:DDD1:3F61:FFAF:4EA7:59E7:6106:1B5B:8C88:59DF:32A4:E391:9CAF,
dnscry.pt-amsterdam-ipv6,dnscry.pt-amsterdam-ipv6,"DNSCry.pt Amsterdam - DNSCrypt, no filter, no logs, DNSSEC support (IPv6 server)",,,,2,yes,yes,no,[2a07:efc0:1001:a5ce::b4b4],2.dnscrypt-cert.dnscry.pt,6E5C:573C:9A33:687D:DDD1:3F61:FFAF:4EA7:59E7:6106:1B5B:8C88:59DF:32A4:E391:9CAF,
dnscry.pt-atlanta-ipv4,dnscry.pt-atlanta-ipv4,"DNSCry.pt Atlanta - DNSCrypt, no filter, no logs, DNSSEC support (IPv4 server)",,,,2,yes,yes,no,170.249.237.154,2.dnscrypt-cert.dnscry.pt,E2EF:F502:214F:3EB8:123E:74CE:EAA4:4D18:D10A:3C1A:9253:0DC4:97E7:BF1F:BCAE:E33A,
dnscry.pt-atlanta-ipv6,dnscry.pt-atlanta-ipv6,"DNSCry.pt Atlanta - DNSCrypt, no filter, no logs, DNSSEC support (IPv6 server)",,,,2,yes,yes,no,[2600:4c00:80:8::a],2.dnscrypt-cert.dnscry.pt,E2EF:F502:214F:3EB8:123E:74CE:EAA4:4D18:D10A:3C1A:9253:0DC4:97E7:BF1F:BCAE:E33A,
dnscry.pt-auckland-ipv4,dnscry.pt-auckland-ipv4,"DNSCry.pt Auckland - DNSCrypt, no filter, no logs, DNSSEC support (IPv4 server)",,,,2,yes,yes,no,185.99.133.112,2.dnscrypt-cert.dnscry.pt,1590:6504:AE33:398B:FD80:0DB1:DAF6:EB01:4E1E:6242:604B:40D8:FD89:23AC:35FB:47B3,
dnscry.pt-auckland-ipv6,dnscry.pt-auckland-ipv6,"DNSCry.pt Auckland - DNSCrypt, no filter, no logs, DNSSEC support (IPv6 server)",,,,2,yes,yes,no,[2a06:1280:bee1:2::ee12:208],2.dnscrypt-cert.dnscry.pt,1590:6504:AE33:398B:FD80:0DB1:DAF6:EB01:4E1E:6242:604B:40D8:FD89:23AC:35FB:47B3,
dnscry.pt-castlegar-ipv4,dnscry.pt-castlegar-ipv4,"DNSCry.pt Castlegar - DNSCrypt, no filter, no logs, DNSSEC support (IPv4 server)",,,,2,yes,yes,no,158.51.78.177,2.dnscrypt-cert.dnscry.pt,BAB2:56FD:F8A4:460A:E17C:E431:8677:322D:B997:053F:C0EA:D5C1:F63D:79FA:2848:2E96,
dnscry.pt-castlegar-ipv6,dnscry.pt-castlegar-ipv6,"DNSCry.pt Castlegar - DNSCrypt, no filter, no logs, DNSSEC support (IPv6 server)",,,,2,yes,yes,no,[2602:fe69:a2a::e550:a4a1:17],2.dnscrypt-cert.dnscry.pt,BAB2:56FD:F8A4:460A:E17C:E431:8677:322D:B997:053F:C0EA:D5C1:F63D:79FA:2848:2E96,
dnscry.pt-chicago-ipv4,dnscry.pt-chicago-ipv4,"DNSCry.pt Chicago - DNSCrypt, no filter, no logs, DNSSEC support (IPv4 server)",,,,2,yes,yes,no,45.41.204.204,2.dnscrypt-cert.dnscry.pt,6D0F:F775:49CB:C7FD:D1DD:4787:89B7:E5CD:0203:282A:8C19:C562:8803:DFB6:DD9E:0DB2,
dnscry.pt-chicago-ipv6,dnscry.pt-chicago-ipv6,"DNSCry.pt Chicago - DNSCrypt, no filter, no logs, DNSSEC support (IPv6 server)",,,,2,yes,yes,no,[2602:fea7:e0c:e:bff:6:70:194c],2.dnscrypt-cert.dnscry.pt,6D0F:F775:49CB:C7FD:D1DD:4787:89B7:E5CD:0203:282A:8C19:C562:8803:DFB6:DD9E:0DB2,
dnscry.pt-chisinau-ipv4,dnscry.pt-chisinau-ipv4,"DNSCry.pt Chișinău - DNSCrypt, no filter, no logs, DNSSEC support (IPv4 server)",,,,2,yes,yes,no,176.123.10.105,2.dnscrypt-cert.dnscry.pt,426D:906E:7AED:9BCD:FED4:D785:5712:CB2C:1CAC:3461:CE2C:3199:B9F2:A21A:79BB:C80F,
dnscry.pt-chisinau-ipv6,dnscry.pt-chisinau-ipv6,"DNSCry.pt Chișinău - DNSCrypt, no filter, no logs, DNSSEC support (IPv6 server)",,,,2,yes,yes,no,[2001:678:6d4:5080::3dea:109],2.dnscrypt-cert.dnscry.pt,426D:906E:7AED:9BCD:FED4:D785:5712:CB2C:1CAC:3461:CE2C:3199:B9F2:A21A:79BB:C80F,
dnscry.pt-coeurdalene-ipv4,dnscry.pt-coeurdalene-ipv4,"DNSCry.pt Coeur d'Alene - DNSCrypt, no filter, no logs, DNSSEC support (IPv4 server)",,,,2,yes,yes,no,104.192.102.132,2.dnscrypt-cert.dnscry.pt,21D0:3084:C031:0DE5:FA05:FC38:9C4A:BEB2:B9A6:F0B7:3D87:7244:B12E:57C7:B370:793D,
dnscry.pt-coeurdalene-ipv6,dnscry.pt-coeurdalene-ipv6,"DNSCry.pt Coeur d'Alene - DNSCrypt, no filter, no logs, DNSSEC support (IPv6 server)",,,,2,yes,yes,no,[2602:fe54:22:57::5bd:134],2.dnscrypt-cert.dnscry.pt,21D0:3084:C031:0DE5:FA05:FC38:9C4A:BEB2:B9A6:F0B7:3D87:7244:B12E:57C7:B370:793D,
dnscry.pt-coventry-ipv4,dnscry.pt-coventry-ipv4,"DNSCry.pt Coventry - DNSCrypt, no filter, no logs, DNSSEC support (IPv4 server)",,,,2,yes,yes,no,104.128.190.108,2.dnscrypt-cert.dnscry.pt,1A27:509A:F87C:7A03:DD51:2BBF:3BD5:9FFE:A5D8:905F:CE5E:68AB:5B6C:D099:470F:59FE,
dnscry.pt-dallas-ipv4,dnscry.pt-dallas-ipv4,"DNSCry.pt Dallas - DNSCrypt, no filter, no logs, DNSSEC support (IPv4 server)",,,,2,yes,yes,no,202.5.26.130,2.dnscrypt-cert.dnscry.pt,725A:0A88:977F:B5CE:2C30:5E65:8311:BEFB:961F:BEEE:C25E:810F:3447:E586:329A:A678,
dnscry.pt-dallas-ipv6,dnscry.pt-dallas-ipv6,"DNSCry.pt Dallas - DNSCrypt, no filter, no logs, DNSSEC support (IPv6 server)",,,,2,yes,yes,no,[2602:ffc5:407:7ff::1647],2.dnscrypt-cert.dnscry.pt,725A:0A88:977F:B5CE:2C30:5E65:8311:BEFB:961F:BEEE:C25E:810F:3447:E586:329A:A678,
dnscry.pt-denver-ipv4,dnscry.pt-denver-ipv4,"DNSCry.pt Denver - DNSCrypt, no filter, no logs, DNSSEC support (IPv4 server)",,,,2,yes,yes,no,193.8.172.248,2.dnscrypt-cert.dnscry.pt,CAF1:A8CE:CD71:F64A:50DF:641D:0EF9:988A:449F:B77E:7174:0FDA:9935:2701:7E5D:2378,
dnscry.pt-denver-ipv6,dnscry.pt-denver-ipv6,"DNSCry.pt Denver - DNSCrypt, no filter, no logs, DNSSEC support (IPv6 server)",,,,2,yes,yes,no,[2606:6680:6:1::3ea9:3ce6],2.dnscrypt-cert.dnscry.pt,CAF1:A8CE:CD71:F64A:50DF:641D:0EF9:988A:449F:B77E:7174:0FDA:9935:2701:7E5D:2378,
dnscry.pt-detroit-ipv4,dnscry.pt-detroit-ipv4,"DNSCry.pt Detroit - DNSCrypt, no filter, no logs, DNSSEC support (IPv4 server)",,,,2,yes,yes,no,66.187.7.140,2.dnscrypt-cert.dnscry.pt,699F:638A:7306:C4D3:530B:4A44:9771:A3CA:2DFF:083A:629B:B84F:4619:9BC0:381C:1A35,
dnscry.pt-detroit-ipv6,dnscry.pt-detroit-ipv6,"DNSCry.pt Detroit - DNSCrypt, no filter, no logs, DNSSEC support (IPv6 server)",,,,2,yes,yes,no,[2606:65c0:40:4:5f3:54c4:8d10:9b98],2.dnscrypt-cert.dnscry.pt,699F:638A:7306:C4D3:530B:4A44:9771:A3CA:2DFF:083A:629B:B84F:4619:9BC0:381C:1A35,
dnscry.pt-durham-ipv4,dnscry.pt-durham-ipv4,"DNSCry.pt Durham - DNSCrypt, no filter, no logs, DNSSEC support (IPv4 server)",,,,2,yes,yes,no,38.45.64.117,2.dnscrypt-cert.dnscry.pt,12DE:38CE:1AB6:F6A7:D8B9:6E93:223B:4581:F979:532E:AEC4:937B:283F:6C67:7442:D0F3,
dnscry.pt-durham-ipv6,dnscry.pt-durham-ipv6,"DNSCry.pt Durham - DNSCrypt, no filter, no logs, DNSSEC support (IPv6 server)",,,,2,yes,yes,no,[2001:550:5a00:5eb::db5:f001],2.dnscrypt-cert.dnscry.pt,12DE:38CE:1AB6:F6A7:D8B9:6E93:223B:4581:F979:532E:AEC4:937B:283F:6C67:7442:D0F3,
dnscry.pt-dusseldorf-ipv4,dnscry.pt-dusseldorf-ipv4,"DNSCry.pt Düsseldorf - DNSCrypt, no filter, no logs, DNSSEC support (IPv4 server)",,,,2,yes,yes,no,185.244.27.136,2.dnscrypt-cert.dnscry.pt,6E51:08A6:6759:C048:5B03:09F7:07DD:2242:E159:1B8D:09CC:EFF9:A55C:86BA:B023:3026,
dnscry.pt-dusseldorf-ipv6,dnscry.pt-dusseldorf-ipv6,"DNSCry.pt Düsseldorf - DNSCrypt, no filter, no logs, DNSSEC support (IPv6 server)",,,,2,yes,yes,no,[2a0f:5707:aa81:5e3c::1],2.dnscrypt-cert.dnscry.pt,6E51:08A6:6759:C048:5B03:09F7:07DD:2242:E159:1B8D:09CC:EFF9:A55C:86BA:B023:3026,
dnscry.pt-ebene-ipv4,dnscry.pt-ebene-ipv4,"DNSCry.pt Ebène - DNSCrypt, no filter, no logs, DNSSEC support (IPv4 server)",,,,2,yes,yes,no,102.222.106.165,2.dnscrypt-cert.dnscry.pt,606A:D7CF:174D:CD7F:2A40:469B:0FE0:76CB:3906:EDBB:5440:87DE:E5B2:3115:2558:51F4,
dnscry.pt-ebene-ipv6,dnscry.pt-ebene-ipv6,"DNSCry.pt Ebène - DNSCrypt, no filter, no logs, DNSSEC support (IPv6 server)",,,,2,yes,yes,no,[2c0f:e8f8:2000:233::a39b:7123],2.dnscrypt-cert.dnscry.pt,606A:D7CF:174D:CD7F:2A40:469B:0FE0:76CB:3906:EDBB:5440:87DE:E5B2:3115:2558:51F4,
dnscry.pt-eygelshoven-ipv4,dnscry.pt-eygelshoven-ipv4,"DNSCry.pt Eygelshoven - DNSCrypt, no filter, no logs, DNSSEC support (IPv4 server)",,,,2,yes,yes,no,93.95.115.21,2.dnscrypt-cert.dnscry.pt,E2B7:5172:5008:AED1:6FB1:F77E:8424:80B5:91E6:A36F:0BB5:A6F6:FAC9:5295:8F42:9562,
dnscry.pt-flint-ipv4,dnscry.pt-flint-ipv4,"DNSCry.pt Flint - DNSCrypt, no filter, no logs, DNSSEC support (IPv4 server)",,,,2,yes,yes,no,147.189.140.136,2.dnscrypt-cert.dnscry.pt,8BEF:080B:5E71:3EDF:9B03:8579:3937:544D:A547:D698:CD9A:5017:0C16:5B2D:EC53:DD9D,
dnscry.pt-flint-ipv6,dnscry.pt-flint-ipv6,"DNSCry.pt Flint - DNSCrypt, no filter, no logs, DNSSEC support (IPv6 server)",,,,2,yes,yes,no,[2606:6680:29:1::5859:a37b],2.dnscrypt-cert.dnscry.pt,8BEF:080B:5E71:3EDF:9B03:8579:3937:544D:A547:D698:CD9A:5017:0C16:5B2D:EC53:DD9D,
dnscry.pt-frankfurt-ipv4,dnscry.pt-frankfurt-ipv4,"DNSCry.pt Frankfurt - DNSCrypt, no filter, no logs, DNSSEC support (IPv4 server)",,,,2,yes,yes,no,194.50.19.150,2.dnscrypt-cert.dnscry.pt,FBF4:C3E4:B889:623F:BCEB:5CC8:1854:AE70:7120:FFB2:13FB:74F7:C7C7:D85A:15AB:B1E9,
dnscry.pt-frankfurt-ipv6,dnscry.pt-frankfurt-ipv6,"DNSCry.pt Frankfurt - DNSCrypt, no filter, no logs, DNSSEC support (IPv6 server)",,,,2,yes,yes,no,[2a0f:5707:ab80:334e:2:2:2cd2:a8bc],2.dnscrypt-cert.dnscry.pt,FBF4:C3E4:B889:623F:BCEB:5CC8:1854:AE70:7120:FFB2:13FB:74F7:C7C7:D85A:15AB:B1E9,
dnscry.pt-fremont-ipv4,dnscry.pt-fremont-ipv4,"DNSCry.pt Fremont - DNSCrypt, no filter, no logs, DNSSEC support (IPv4 server)",,,,2,yes,yes,no,23.134.88.71,2.dnscrypt-cert.dnscry.pt,72C0:085E:C865:30F7:EEB1:4517:7DBC:9A50:F7FB:28F6:1557:9CE7:3E4F:9D2E:D478:CD97,
dnscry.pt-fremont-ipv6,dnscry.pt-fremont-ipv6,"DNSCry.pt Fremont - DNSCrypt, no filter, no logs, DNSSEC support (IPv6 server)",,,,2,yes,yes,no,[2602:fba1:100::71:1],2.dnscrypt-cert.dnscry.pt,72C0:085E:C865:30F7:EEB1:4517:7DBC:9A50:F7FB:28F6:1557:9CE7:3E4F:9D2E:D478:CD97,
dnscry.pt-fujairah-ipv4,dnscry.pt-fujairah-ipv4,"DNSCry.pt Fujairah - DNSCrypt, no filter, no logs, DNSSEC support (IPv4 server)",,,,2,yes,yes,no,89.36.162.187,2.dnscrypt-cert.dnscry.pt,A2F8:866D:B922:E7CD:E1FE:25C1:13AB:BE94:B749:8F22:2C49:C2D3:60BD:74ED:2039:6343,
dnscry.pt-fujairah-ipv6,dnscry.pt-fujairah-ipv6,"DNSCry.pt Fujairah - DNSCrypt, no filter, no logs, DNSSEC support (IPv6 server)",,,,2,yes,yes,no,[2a06:f902:4001:100:9000:9000:39a4:5feb],2.dnscrypt-cert.dnscry.pt,A2F8:866D:B922:E7CD:E1FE:25C1:13AB:BE94:B749:8F22:2C49:C2D3:60BD:74ED:2039:6343,
dnscry.pt-geneva-ipv4,dnscry.pt-geneva-ipv4,"DNSCry.pt Geneva - DNSCrypt, no filter, no logs, DNSSEC support (IPv4 server)",,,,2,yes,yes,no,45.90.59.193,2.dnscrypt-cert.dnscry.pt,2908:A2CD:0BE4:31B7:28B2:082E:0040:86F7:E8AC:7115:C6A5:9921:86F5:5FC2:2C30:F257,
dnscry.pt-geneva-ipv6,dnscry.pt-geneva-ipv6,"DNSCry.pt Geneva - DNSCrypt, no filter, no logs, DNSSEC support (IPv6 server)",,,,2,yes,yes,no,[2a05:9406::ae1],2.dnscrypt-cert.dnscry.pt,2908:A2CD:0BE4:31B7:28B2:082E:0040:86F7:E8AC:7115:C6A5:9921:86F5:5FC2:2C30:F257,
dnscry.pt-helsinki-ipv4,dnscry.pt-helsinki-ipv4,"DNSCry.pt Helsinki - DNSCrypt, no filter, no logs, DNSSEC support (IPv4 server)",,,,2,yes,yes,no,185.253.111.6,2.dnscrypt-cert.dnscry.pt,D1D4:D238:072A:C192:AE49:40DC:D8D1:5218:C81B:817F:A1D2:612D:71CF:CBDA:0088:7296,
dnscry.pt-helsinki-ipv6,dnscry.pt-helsinki-ipv6,"DNSCry.pt Helsinki - DNSCrypt, no filter, no logs, DNSSEC support (IPv6 server)",,,,2,yes,yes,no,[2a12:1fc0:0:c::3],2.dnscrypt-cert.dnscry.pt,D1D4:D238:072A:C192:AE49:40DC:D8D1:5218:C81B:817F:A1D2:612D:71CF:CBDA:0088:7296,
dnscry.pt-hongkong-ipv4,dnscry.pt-hongkong-ipv4,"DNSCry.pt Hong Kong - DNSCrypt, no filter, no logs, DNSSEC support (IPv4 server)",,,,2,yes,yes,no,45.123.188.129,2.dnscrypt-cert.dnscry.pt,0B71:21FC:C3CB:4775:D462:C91E:BEC7:3E47:6D3F:019B:8A69:8D50:CD20:51AD:207E:31C8,
dnscry.pt-hongkong-ipv6,dnscry.pt-hongkong-ipv6,"DNSCry.pt Hong Kong - DNSCrypt, no filter, no logs, DNSSEC support (IPv6 server)",,,,2,yes,yes,no,[2406:4300:bae:6b08::1],2.dnscrypt-cert.dnscry.pt,0B71:21FC:C3CB:4775:D462:C91E:BEC7:3E47:6D3F:019B:8A69:8D50:CD20:51AD:207E:31C8,
dnscry.pt-istanbul-ipv4,dnscry.pt-istanbul-ipv4,"DNSCry.pt Istanbul - DNSCrypt, no filter, no logs, DNSSEC support (IPv4 server)",,,,2,yes,yes,no,193.228.1.130,2.dnscrypt-cert.dnscry.pt,5CAD:28ED:F02D:19B6:EAB0:C5A7:E9E1:5CF2:9437:FD37:F762:B0FA:E02F:59B8:18D5:FA5D,
dnscry.pt-istanbul-ipv6,dnscry.pt-istanbul-ipv6,"DNSCry.pt Istanbul - DNSCrypt, no filter, no logs, DNSSEC support (IPv6 server)",,,,2,yes,yes,no,[2a12:e342:200::2:1819],2.dnscrypt-cert.dnscry.pt,5CAD:28ED:F02D:19B6:EAB0:C5A7:E9E1:5CF2:9437:FD37:F762:B0FA:E02F:59B8:18D5:FA5D,
dnscry.pt-jakarta-ipv4,dnscry.pt-jakarta-ipv4,"DNSCry.pt Jakarta - DNSCrypt, no filter, no logs, DNSSEC support (IPv4 server)",,,,2,yes,yes,no,103.76.129.94,2.dnscrypt-cert.dnscry.pt,CA7E:92DD:904D:5787:C5F1:EECE:C066:F18F:A3FC:B9D3:4E57:6129:B1DF:03AD:4A21:3B1F,
dnscry.pt-johannesburg-ipv4,dnscry.pt-johannesburg-ipv4,"DNSCry.pt Johannesburg - DNSCrypt, no filter, no logs, DNSSEC support (IPv4 server)",,,,2,yes,yes,no,169.239.128.124,2.dnscrypt-cert.dnscry.pt,CF06:DFB6:D2B9:EB2A:A337:1B7F:992A:E74F:4AF5:3DFB:30A5:CD86:39F8:5D8A:4494:A0B0,
dnscry.pt-johannesburg-ipv6,dnscry.pt-johannesburg-ipv6,"DNSCry.pt Johannesburg - DNSCrypt, no filter, no logs, DNSSEC support (IPv6 server)",,,,2,yes,yes,no,[2c0f:f530::d00:188],2.dnscrypt-cert.dnscry.pt,CF06:DFB6:D2B9:EB2A:A337:1B7F:992A:E74F:4AF5:3DFB:30A5:CD86:39F8:5D8A:4494:A0B0,
dnscry.pt-kharkiv-ipv4,dnscry.pt-kharkiv-ipv4,"DNSCry.pt Kharkiv - DNSCrypt, no filter, no logs, DNSSEC support (IPv4 server)",,,,2,yes,yes,no,193.238.153.17,2.dnscrypt-cert.dnscry.pt,6D9A:1D25:A04C:7334:FD4C:B472:82F4:DE15:A546:1436:DEC6:8664:0405:3F3A:F719:0925,
dnscry.pt-kharkiv-ipv6,dnscry.pt-kharkiv-ipv6,"DNSCry.pt Kharkiv - DNSCrypt, no filter, no logs, DNSSEC support (IPv6 server)",,,,2,yes,yes,no,[2a02:27a8:feed::81],2.dnscrypt-cert.dnscry.pt,6D9A:1D25:A04C:7334:FD4C:B472:82F4:DE15:A546:1436:DEC6:8664:0405:3F3A:F719:0925,
dnscry.pt-kyiv-ipv4,dnscry.pt-kyiv-ipv4,"DNSCry.pt Kyiv - DNSCrypt, no filter, no logs, DNSSEC support (IPv4 server)",,,,2,yes,yes,no,217.12.221.61,2.dnscrypt-cert.dnscry.pt,B248:0BB9:B0D3:5ACE:1B2B:DCC7:D485:CA45:84B2:96B1:BC5D:53C6:58C2:6950:CDFB:BF05,
dnscry.pt-kyiv-ipv6,dnscry.pt-kyiv-ipv6,"DNSCry.pt Kyiv - DNSCrypt, no filter, no logs, DNSSEC support (IPv6 server)",,,,2,yes,yes,no,[2a02:27ad::201],2.dnscrypt-cert.dnscry.pt,B248:0BB9:B0D3:5ACE:1B2B:DCC7:D485:CA45:84B2:96B1:BC5D:53C6:58C2:6950:CDFB:BF05,
dnscry.pt-lagos-ipv4,dnscry.pt-lagos-ipv4,"DNSCry.pt Lagos - DNSCrypt, no filter, no logs, DNSSEC support (IPv4 server)",,,,2,yes,yes,no,176.97.192.12,2.dnscrypt-cert.dnscry.pt,7028:2949:41C8:3591:1D65:185B:8302:D939:447A:7CE3:C953:92F8:6D8F:60F3:C4DB:36EB,
dnscry.pt-lagos-ipv6,dnscry.pt-lagos-ipv6,"DNSCry.pt Lagos - DNSCrypt, no filter, no logs, DNSSEC support (IPv6 server)",,,,2,yes,yes,no,[2a06:f901:4001:100::2d6c:736a],2.dnscrypt-cert.dnscry.pt,7028:2949:41C8:3591:1D65:185B:8302:D939:447A:7CE3:C953:92F8:6D8F:60F3:C4DB:36EB,
dnscry.pt-lasvegas-ipv4,dnscry.pt-lasvegas-ipv4,"DNSCry.pt Las Vegas - DNSCrypt, no filter, no logs, DNSSEC support (IPv4 server)",,,,2,yes,yes,no,209.141.45.27,2.dnscrypt-cert.dnscry.pt,C4E6:D662:8C4D:F46D:1B79:8E6D:6B6D:2A60:3B16:8DCA:E0A0:9B27:A62E:C82D:8D0C:F42E,
dnscry.pt-lasvegas-ipv6,dnscry.pt-lasvegas-ipv6,"DNSCry.pt Las Vegas - DNSCrypt, no filter, no logs, DNSSEC support (IPv6 server)",,,,2,yes,yes,no,[2605:6400:20:2258:7acb:91ff:2098:a9],2.dnscrypt-cert.dnscry.pt,C4E6:D662:8C4D:F46D:1B79:8E6D:6B6D:2A60:3B16:8DCA:E0A0:9B27:A62E:C82D:8D0C:F42E,
dnscry.pt-libertylake-ipv4,dnscry.pt-libertylake-ipv4,"DNSCry.pt Liberty Lake - DNSCrypt, no filter, no logs, DNSSEC support (IPv4 server)",,,,2,yes,yes,no,23.184.48.19,2.dnscrypt-cert.dnscry.pt,B083:7AB6:5CAE:B3EF:4787:2618:B41F:BC21:590F:D959:0CA5:84C2:2DBE:A2A9:77D1:ADCD,
dnscry.pt-libertylake-ipv6,dnscry.pt-libertylake-ipv6,"DNSCry.pt Liberty Lake - DNSCrypt, no filter, no logs, DNSSEC support (IPv6 server)",,,,2,yes,yes,no,[2602:fc24:18:33f2::ab1],2.dnscrypt-cert.dnscry.pt,B083:7AB6:5CAE:B3EF:4787:2618:B41F:BC21:590F:D959:0CA5:84C2:2DBE:A2A9:77D1:ADCD,
dnscry.pt-lima-ipv4,dnscry.pt-lima-ipv4,"DNSCry.pt Lima - DNSCrypt, no filter, no logs, DNSSEC support (IPv4 server)",,,,2,yes,yes,no,161.132.47.185,2.dnscrypt-cert.dnscry.pt,1CEF:433E:24CB:7D15:68D2:FF63:DD75:B8BC:8FFA:4D40:8091:87E6:BC97:B8C9:4B3F:0775,
dnscry.pt-lima-ipv6,dnscry.pt-lima-ipv6,"DNSCry.pt Lima - DNSCrypt, no filter, no logs, DNSSEC support (IPv6 server)",,,,2,yes,yes,no,[2001:470:1f2a:1de::2],2.dnscrypt-cert.dnscry.pt,1CEF:433E:24CB:7D15:68D2:FF63:DD75:B8BC:8FFA:4D40:8091:87E6:BC97:B8C9:4B3F:0775,
dnscry.pt-london-ipv4,dnscry.pt-london-ipv4,"DNSCry.pt London - DNSCrypt, no filter, no logs, DNSSEC support (IPv4 server)",,,,2,yes,yes,no,178.239.174.244,2.dnscrypt-cert.dnscry.pt,8F66:DC44:BEBB:62C6:0CEA:2D99:2B92:5FFE:1CBE:FE09:ABB6:6140:8417:6BDB:F2CA:31EE,
dnscry.pt-london-ipv6,dnscry.pt-london-ipv6,"DNSCry.pt London - DNSCrypt, no filter, no logs, DNSSEC support (IPv6 server)",,,,2,yes,yes,no,[2a05:4140:700:e::a],2.dnscrypt-cert.dnscry.pt,8F66:DC44:BEBB:62C6:0CEA:2D99:2B92:5FFE:1CBE:FE09:ABB6:6140:8417:6BDB:F2CA:31EE,
dnscry.pt-losangeles-ipv4,dnscry.pt-losangeles-ipv4,"DNSCry.pt Los Angeles - DNSCrypt, no filter, no logs, DNSSEC support (IPv4 server)",,,,2,yes,yes,no,104.200.67.194,2.dnscrypt-cert.dnscry.pt,8871:792B:8640:7C1C:8597:6CB5:0A9C:A0A0:FF44:0B95:E30F:10AF:FD57:9971:59B9:C184,
dnscry.pt-losangeles-ipv6,dnscry.pt-losangeles-ipv6,"DNSCry.pt Los Angeles - DNSCrypt, no filter, no logs, DNSSEC support (IPv6 server)",,,,2,yes,yes,no,[2602:ff75:7:b79::b4b4],2.dnscrypt-cert.dnscry.pt,8871:792B:8640:7C1C:8597:6CB5:0A9C:A0A0:FF44:0B95:E30F:10AF:FD57:9971:59B9:C184,
dnscry.pt-madrid-ipv4,dnscry.pt-madrid-ipv4,"DNSCry.pt Madrid - DNSCrypt, no filter, no logs, DNSSEC support (IPv4 server)",,,,2,yes,yes,no,5.134.118.198,2.dnscrypt-cert.dnscry.pt,178A:69E9:A6F7:DE13:B835:BF6D:A7CC:EE53:C0EB:921D:8672:FCD8:6629:2EB7:80C8:1CDF,
dnscry.pt-madrid-ipv6,dnscry.pt-madrid-ipv6,"DNSCry.pt Madrid - DNSCrypt, no filter, no logs, DNSSEC support (IPv6 server)",,,,2,yes,yes,no,[2a03:c7c0:52:2641:180::13],2.dnscrypt-cert.dnscry.pt,178A:69E9:A6F7:DE13:B835:BF6D:A7CC:EE53:C0EB:921D:8672:FCD8:6629:2EB7:80C8:1CDF,
dnscry.pt-miami-ipv4,dnscry.pt-miami-ipv4,"DNSCry.pt Miami - DNSCrypt, no filter, no logs, DNSSEC support (IPv4 server)",,,,2,yes,yes,no,84.33.14.10,2.dnscrypt-cert.dnscry.pt,7DE6:19B1:72DC:6565:4EA2:F71B:16F4:3406:8CC9:C4ED:E906:E368:0A20:6221:2C99:FF26,
dnscry.pt-miami-ipv6,dnscry.pt-miami-ipv6,"DNSCry.pt Miami - DNSCrypt, no filter, no logs, DNSSEC support (IPv6 server)",,,,2,yes,yes,no,[2a0c:8fc3:8002::2216],2.dnscrypt-cert.dnscry.pt,7DE6:19B1:72DC:6565:4EA2:F71B:16F4:3406:8CC9:C4ED:E906:E368:0A20:6221:2C99:FF26,
dnscry.pt-montreal-ipv4,dnscry.pt-montreal-ipv4,"DNSCry.pt Montreal - DNSCrypt, no filter, no logs, DNSSEC support (IPv4 server)",,,,2,yes,yes,no,147.189.136.183,2.dnscrypt-cert.dnscry.pt,AC08:507A:1243:0975:92D0:F889:6C05:BB63:B529:5AB0:27EC:4F1E:D0EA:ED1B:388F:0EC0,
dnscry.pt-montreal-ipv6,dnscry.pt-montreal-ipv6,"DNSCry.pt Montreal - DNSCrypt, no filter, no logs, DNSSEC support (IPv6 server)",,,,2,yes,yes,no,[2606:6680:45:1::f78c:9b0],2.dnscrypt-cert.dnscry.pt,AC08:507A:1243:0975:92D0:F889:6C05:BB63:B529:5AB0:27EC:4F1E:D0EA:ED1B:388F:0EC0,
dnscry.pt-mumbai-ipv4,dnscry.pt-mumbai-ipv4,"DNSCry.pt Mumbai - DNSCrypt, no filter, no logs, DNSSEC support (IPv4 server)",,,,2,yes,yes,no,103.111.114.25,2.dnscrypt-cert.dnscry.pt,435D:09F7:3918:7446:206F:89B4:C788:C367:154C:DD67:1C6E:246A:7D2F:73F6:A89C:7583,
dnscry.pt-mumbai-ipv6,dnscry.pt-mumbai-ipv6,"DNSCry.pt Mumbai - DNSCrypt, no filter, no logs, DNSSEC support (IPv6 server)",,,,2,yes,yes,no,[2a06:f902:8001:100::1757:e617],2.dnscrypt-cert.dnscry.pt,435D:09F7:3918:7446:206F:89B4:C788:C367:154C:DD67:1C6E:246A:7D2F:73F6:A89C:7583,
dnscry.pt-munich-ipv4,dnscry.pt-munich-ipv4,"DNSCry.pt Munich - DNSCrypt, no filter, no logs, DNSSEC support (IPv4 server)",,,,2,yes,yes,no,194.39.205.10,2.dnscrypt-cert.dnscry.pt,42D0:BBBB:BF4D:1843:B630:6B1C:B115:9027:0259:CBC9:AFBC:3C1C:D60A:58FD:58C4:7F62,
dnscry.pt-munich-ipv6,dnscry.pt-munich-ipv6,"DNSCry.pt Munich - DNSCrypt, no filter, no logs, DNSSEC support (IPv6 server)",,,,2,yes,yes,no,[2a0c:8fc0:1749:66:18::16],2.dnscrypt-cert.dnscry.pt,42D0:BBBB:BF4D:1843:B630:6B1C:B115:9027:0259:CBC9:AFBC:3C1C:D60A:58FD:58C4:7F62,
dnscry.pt-naaldwijk-ipv4,dnscry.pt-naaldwijk-ipv4,"DNSCry.pt Naaldwijk - DNSCrypt, no filter, no logs, DNSSEC support (IPv4 server)",,,,2,yes,yes,no,23.137.249.26,2.dnscrypt-cert.dnscry.pt,080E:3E83:7B6E:B37F:69AA:6EFC:FC2A:0E73:C6F2:4416:CB7E:E739:71E1:2214:D156:9CDE,
dnscry.pt-naaldwijk-ipv6,dnscry.pt-naaldwijk-ipv6,"DNSCry.pt Naaldwijk - DNSCrypt, no filter, no logs, DNSSEC support (IPv6 server)",,,,2,yes,yes,no,[2602:fc24:12:9873::ab1],2.dnscrypt-cert.dnscry.pt,080E:3E83:7B6E:B37F:69AA:6EFC:FC2A:0E73:C6F2:4416:CB7E:E739:71E1:2214:D156:9CDE,
dnscry.pt-newyork-ipv4,dnscry.pt-newyork-ipv4,"DNSCry.pt New York - DNSCrypt, no filter, no logs, DNSSEC support (IPv4 server)",,,,2,yes,yes,no,84.33.245.10,2.dnscrypt-cert.dnscry.pt,2B9B:0381:2D57:35D9:0A9A:3341:B64F:2919:21E1:E5A9:0A4F:5A52:BC60:45AD:5B5E:0BD3,
dnscry.pt-newyork-ipv6,dnscry.pt-newyork-ipv6,"DNSCry.pt New York - DNSCrypt, no filter, no logs, DNSSEC support (IPv6 server)",,,,2,yes,yes,no,[2a0c:8fc3:6402::1:984],2.dnscrypt-cert.dnscry.pt,2B9B:0381:2D57:35D9:0A9A:3341:B64F:2919:21E1:E5A9:0A4F:5A52:BC60:45AD:5B5E:0BD3,
dnscry.pt-nuremberg-ipv4,dnscry.pt-nuremberg-ipv4,"DNSCry.pt Nuremberg - DNSCrypt, no filter, no logs, DNSSEC support (IPv4 server)",,,,2,yes,yes,no,202.61.236.67,2.dnscrypt-cert.dnscry.pt,AF65:3358:67AE:6EC1:5265:73FE:FDAF:0FD8:603E:82C6:49F3:5B0A:66E8:5DB2:0B06:AAC7,
dnscry.pt-nuremberg-ipv6,dnscry.pt-nuremberg-ipv6,"DNSCry.pt Nuremberg - DNSCrypt, no filter, no logs, DNSSEC support (IPv6 server)",,,,2,yes,yes,no,[2a03:4000:5c:51:24b9:51ff:fe80:f3a7],2.dnscrypt-cert.dnscry.pt,AF65:3358:67AE:6EC1:5265:73FE:FDAF:0FD8:603E:82C6:49F3:5B0A:66E8:5DB2:0B06:AAC7,
dnscry.pt-ottoville-ipv4,dnscry.pt-ottoville-ipv4,"DNSCry.pt Ottoville - DNSCrypt, no filter, no logs, DNSSEC support (IPv4 server)",,,,2,yes,yes,no,23.26.138.19,2.dnscrypt-cert.dnscry.pt,5527:265B:FC3D:126B:37B2:6E77:D68F:90D6:67C3:5483:18A2:FB38:3DAF:E37C:54D4:96B4,
dnscry.pt-ottoville-ipv6,dnscry.pt-ottoville-ipv6,"DNSCry.pt Ottoville - DNSCrypt, no filter, no logs, DNSSEC support (IPv6 server)",,,,2,yes,yes,no,[2602:2a8:811:10::a],2.dnscrypt-cert.dnscry.pt,5527:265B:FC3D:126B:37B2:6E77:D68F:90D6:67C3:5483:18A2:FB38:3DAF:E37C:54D4:96B4,
dnscry.pt-paris-ipv4,dnscry.pt-paris-ipv4,"DNSCry.pt Paris - DNSCrypt, no filter, no logs, DNSSEC support (IPv4 server)",,,,2,yes,yes,no,89.117.2.17,2.dnscrypt-cert.dnscry.pt,05DD:0BB8:4611:E80A:0FCE:9BAF:EB55:4706:5370:97C9:6401:058D:6E23:095E:65CD:DBAD,
dnscry.pt-paris-ipv6,dnscry.pt-paris-ipv6,"DNSCry.pt Paris - DNSCrypt, no filter, no logs, DNSSEC support (IPv6 server)",,,,2,yes,yes,no,[2402:d0c0:22:6cd0:4:4:4:5b81],2.dnscrypt-cert.dnscry.pt,05DD:0BB8:4611:E80A:0FCE:9BAF:EB55:4706:5370:97C9:6401:058D:6E23:095E:65CD:DBAD,
dnscry.pt-philadelphia-ipv4,dnscry.pt-philadelphia-ipv4,"DNSCry.pt Philadelphia - DNSCrypt, no filter, no logs, DNSSEC support (IPv4 server)",,,,2,yes,yes,no,154.16.159.22,2.dnscrypt-cert.dnscry.pt,DBFB:4B20:4A72:30AC:0485:B0FB:3E2A:DF37:03D4:BD95:274C:CE33:F05F:0356:4790:237A,
dnscry.pt-philadelphia-ipv6,dnscry.pt-philadelphia-ipv6,"DNSCry.pt Philadelphia - DNSCrypt, no filter, no logs, DNSSEC support (IPv6 server)",,,,2,yes,yes,no,[2604:bf00:210:12::2],2.dnscrypt-cert.dnscry.pt,DBFB:4B20:4A72:30AC:0485:B0FB:3E2A:DF37:03D4:BD95:274C:CE33:F05F:0356:4790:237A,
dnscry.pt-phoenix-ipv4,dnscry.pt-phoenix-ipv4,"DNSCry.pt Phoenix - DNSCrypt, no filter, no logs, DNSSEC support (IPv4 server)",,,,2,yes,yes,no,173.249.203.52,2.dnscrypt-cert.dnscry.pt,2EDC:432B:BB75:392F:AC7F:8C77:0037:7F30:2423:FD9D:1149:D977:7C75:38DD:2D7D:8B9B,
dnscry.pt-phoenix-ipv6,dnscry.pt-phoenix-ipv6,"DNSCry.pt Phoenix - DNSCrypt, no filter, no logs, DNSSEC support (IPv6 server)",,,,2,yes,yes,no,[2607:1e40:1:10a4::19:ca84],2.dnscrypt-cert.dnscry.pt,2EDC:432B:BB75:392F:AC7F:8C77:0037:7F30:2423:FD9D:1149:D977:7C75:38DD:2D7D:8B9B,
dnscry.pt-portedwards-ipv4,dnscry.pt-portedwards-ipv4,"DNSCry.pt Port Edwards - DNSCrypt, no filter, no logs, DNSSEC support (IPv4 server)",,,,2,yes,yes,no,176.111.219.126,2.dnscrypt-cert.dnscry.pt,F3BA:36B9:9E60:320E:F039:8DA9:2A92:E2D0:12D6:F6E3:9C6C:0213:7025:80CB:90AA:DA2A,
dnscry.pt-portedwards-ipv6,dnscry.pt-portedwards-ipv6,"DNSCry.pt Port Edwards - DNSCrypt, no filter, no logs, DNSSEC support (IPv6 server)",,,,2,yes,yes,no,[2001:470:1f11:2bb::b23],2.dnscrypt-cert.dnscry.pt,F3BA:36B9:9E60:320E:F039:8DA9:2A92:E2D0:12D6:F6E3:9C6C:0213:7025:80CB:90AA:DA2A,
dnscry.pt-portland-ipv4,dnscry.pt-portland-ipv4,"DNSCry.pt Portland - DNSCrypt, no filter, no logs, DNSSEC support (IPv4 server)",,,,2,yes,yes,no,103.124.106.233,2.dnscrypt-cert.dnscry.pt,8DE5:2DFA:796B:2D18:5962:1FAC:65F0:C836:8321:7DF5:CAB3:3338:2825:F02D:5956:099E,
dnscry.pt-portland-ipv6,dnscry.pt-portland-ipv6,"DNSCry.pt Portland - DNSCrypt, no filter, no logs, DNSSEC support (IPv6 server)",,,,2,yes,yes,no,[2402:d0c0:16:a1e6:0:b893:bf7:dd],2.dnscrypt-cert.dnscry.pt,8DE5:2DFA:796B:2D18:5962:1FAC:65F0:C836:8321:7DF5:CAB3:3338:2825:F02D:5956:099E,
dnscry.pt-riga-ipv4,dnscry.pt-riga-ipv4,"DNSCry.pt Riga - DNSCrypt, no filter, no logs, DNSSEC support (IPv4 server)",,,,2,yes,yes,no,195.123.212.200,2.dnscrypt-cert.dnscry.pt,8AA5:2C14:D83A:07AF:5B64:B494:6CE1:4222:2DFA:1706:5CBC:17B5:A681:7EF8:B081:D1CA,
dnscry.pt-riga-ipv6,dnscry.pt-riga-ipv6,"DNSCry.pt Riga - DNSCrypt, no filter, no logs, DNSSEC support (IPv6 server)",,,,2,yes,yes,no,[2a02:27ac::1249],2.dnscrypt-cert.dnscry.pt,8AA5:2C14:D83A:07AF:5B64:B494:6CE1:4222:2DFA:1706:5CBC:17B5:A681:7EF8:B081:D1CA,
dnscry.pt-saltlakecity-ipv4,dnscry.pt-saltlakecity-ipv4,"DNSCry.pt Salt Lake City - DNSCrypt, no filter, no logs, DNSSEC support (IPv4 server)",,,,2,yes,yes,no,103.114.162.65,2.dnscrypt-cert.dnscry.pt,A6D3:C655:6B73:5D81:3689:7330:292C:82A8:D6EF:99D3:AA59:C7A7:DE54:96B1:96AA:6F94,
dnscry.pt-saltlakecity-ipv6,dnscry.pt-saltlakecity-ipv6,"DNSCry.pt Salt Lake City - DNSCrypt, no filter, no logs, DNSSEC support (IPv6 server)",,,,2,yes,yes,no,[2402:d0c0:18:c8ff:0:b893:bf7:dd],2.dnscrypt-cert.dnscry.pt,A6D3:C655:6B73:5D81:3689:7330:292C:82A8:D6EF:99D3:AA59:C7A7:DE54:96B1:96AA:6F94,
dnscry.pt-sandefjord-ipv4,dnscry.pt-sandefjord-ipv4,"DNSCry.pt Sandefjord - DNSCrypt, no filter, no logs, DNSSEC support (IPv4 server)",,,,2,yes,yes,no,194.32.107.48,2.dnscrypt-cert.dnscry.pt,5D3B:3227:C97F:E8B2:784C:2C0A:6C6C:9578:854C:D722:F37F:CB31:2F63:E62A:3648:32F7,
dnscry.pt-sandefjord-ipv6,dnscry.pt-sandefjord-ipv6,"DNSCry.pt Sandefjord - DNSCrypt, no filter, no logs, DNSSEC support (IPv6 server)",,,,2,yes,yes,no,[2a03:94e0:271f::5b1],2.dnscrypt-cert.dnscry.pt,5D3B:3227:C97F:E8B2:784C:2C0A:6C6C:9578:854C:D722:F37F:CB31:2F63:E62A:3648:32F7,
dnscry.pt-santaclara-ipv4,dnscry.pt-santaclara-ipv4,"DNSCry.pt Santa Clara - DNSCrypt, no filter, no logs, DNSSEC support (IPv4 server)",,,,2,yes,yes,no,176.111.223.167,2.dnscrypt-cert.dnscry.pt,A6A8:023E:D5FA:51D6:AB47:6720:31DE:F249:ED2A:4A5E:4766:3C09:D967:981A:DB92:5C93,
dnscry.pt-santaclara-ipv6,dnscry.pt-santaclara-ipv6,"DNSCry.pt Santa Clara - DNSCrypt, no filter, no logs, DNSSEC support (IPv6 server)",,,,2,yes,yes,no,[2606:6680:35:1::506d:8ce2],2.dnscrypt-cert.dnscry.pt,A6A8:023E:D5FA:51D6:AB47:6720:31DE:F249:ED2A:4A5E:4766:3C09:D967:981A:DB92:5C93,
dnscry.pt-seattle-ipv4,dnscry.pt-seattle-ipv4,"DNSCry.pt Seattle - DNSCrypt, no filter, no logs, DNSSEC support (IPv4 server)",,,,2,yes,yes,no,45.14.115.125,2.dnscrypt-cert.dnscry.pt,4936:4E94:40C4:32ED:CD63:F0CE:0896:C7CC:8944:64D1:5BAD:C915:936C:A5E4:F327:4E13,
dnscry.pt-seattle-ipv6,dnscry.pt-seattle-ipv6,"DNSCry.pt Seattle - DNSCrypt, no filter, no logs, DNSSEC support (IPv6 server)",,,,2,yes,yes,no,[2606:6680:19:1::4fb4:71a7],2.dnscrypt-cert.dnscry.pt,4936:4E94:40C4:32ED:CD63:F0CE:0896:C7CC:8944:64D1:5BAD:C915:936C:A5E4:F327:4E13,
dnscry.pt-singapore-ipv4,dnscry.pt-singapore-ipv4,"DNSCry.pt Singapore - DNSCrypt, no filter, no logs, DNSSEC support (IPv4 server)",,,,2,yes,yes,no,84.33.16.124,2.dnscrypt-cert.dnscry.pt,41EE:7850:F0DF:8CC4:F59E:DD13:5D51:B498:0AB6:B985:DC2A:E445:E62B:498B:57A2:2607,
dnscry.pt-singapore-ipv6,dnscry.pt-singapore-ipv6,"DNSCry.pt Singapore - DNSCrypt, no filter, no logs, DNSSEC support (IPv6 server)",,,,2,yes,yes,no,[2a0c:8fc1:88::32:64:128],2.dnscrypt-cert.dnscry.pt,41EE:7850:F0DF:8CC4:F59E:DD13:5D51:B498:0AB6:B985:DC2A:E445:E62B:498B:57A2:2607,
dnscry.pt-singapore02-ipv4,dnscry.pt-singapore02-ipv4,"DNSCry.pt Singapore 02 - DNSCrypt, no filter, no logs, DNSSEC support (IPv4 server)",,,,2,yes,yes,no,103.179.44.73,2.dnscrypt-cert.dnscry.pt,202C:4AE5:CE57:6A68:0AFC:134C:4ED4:8AC8:49D9:3380:F8E0:D3C0:2077:5D9E:04CF:6C65,
dnscry.pt-singapore02-ipv6,dnscry.pt-singapore02-ipv6,"DNSCry.pt Singapore 02 - DNSCrypt, no filter, no logs, DNSSEC support (IPv6 server)",,,,2,yes,yes,no,[2403:cfc0:1114:10e::a],2.dnscrypt-cert.dnscry.pt,202C:4AE5:CE57:6A68:0AFC:134C:4ED4:8AC8:49D9:3380:F8E0:D3C0:2077:5D9E:04CF:6C65,
dnscry.pt-sofia-ipv4,dnscry.pt-sofia-ipv4,"DNSCry.pt Sofia - DNSCrypt, no filter, no logs, DNSSEC support (IPv4 server)",,,,2,yes,yes,no,79.124.77.3,2.dnscrypt-cert.dnscry.pt,68CE:26B6:A570:51A1:DFC7:45A2:FE8C:3FA3:A491:A48F:2254:826E:4BB9:23B2:7635:951F,
dnscry.pt-sofia-ipv6,dnscry.pt-sofia-ipv6,"DNSCry.pt Sofia - DNSCrypt, no filter, no logs, DNSSEC support (IPv6 server)",,,,2,yes,yes,no,[2a01:8740:1:40::8a25],2.dnscrypt-cert.dnscry.pt,68CE:26B6:A570:51A1:DFC7:45A2:FE8C:3FA3:A491:A48F:2254:826E:4BB9:23B2:7635:951F,
dnscry.pt-spokane-ipv4,dnscry.pt-spokane-ipv4,"DNSCry.pt Spokane - DNSCrypt, no filter, no logs, DNSSEC support (IPv4 server)",,,,2,yes,yes,no,104.36.86.181,2.dnscrypt-cert.dnscry.pt,FE27:F202:9E35:28EA:6128:1548:C113:818D:657D:D67F:5FB9:4CE5:CD4A:9708:8925:493D,
dnscry.pt-spokane-ipv6,dnscry.pt-spokane-ipv6,"DNSCry.pt Spokane - DNSCrypt, no filter, no logs, DNSSEC support (IPv6 server)",,,,2,yes,yes,no,[2606:a8c0:3:202::a],2.dnscrypt-cert.dnscry.pt,FE27:F202:9E35:28EA:6128:1548:C113:818D:657D:D67F:5FB9:4CE5:CD4A:9708:8925:493D,
dnscry.pt-stockholm-ipv4,dnscry.pt-stockholm-ipv4,"DNSCry.pt Stockholm - DNSCrypt, no filter, no logs, DNSSEC support (IPv4 server)",,,,2,yes,yes,no,95.143.196.190,2.dnscrypt-cert.dnscry.pt,87BA:578F:9278:A6EC:C8D9:65C5:7B18:468A:8AEC:D0D4:F44B:549F:BCA9:E3C6:1678:4BBD,
dnscry.pt-stockholm-ipv6,dnscry.pt-stockholm-ipv6,"DNSCry.pt Stockholm - DNSCrypt, no filter, no logs, DNSSEC support (IPv6 server)",,,,2,yes,yes,no,[2a03:d780:0:196::3e84:56af],2.dnscrypt-cert.dnscry.pt,87BA:578F:9278:A6EC:C8D9:65C5:7B18:468A:8AEC:D0D4:F44B:549F:BCA9:E3C6:1678:4BBD,
dnscry.pt-sydney-ipv4,dnscry.pt-sydney-ipv4,"DNSCry.pt Sydney - DNSCrypt, no filter, no logs, DNSSEC support (IPv4 server)",,,,2,yes,yes,no,84.33.15.100,2.dnscrypt-cert.dnscry.pt,6AF1:EE9B:852C:207A:7B40:7954:51FF:F761:5DF7:12CB:CE82:B503:EDAB:4BDB:FC29:75F2,
dnscry.pt-sydney-ipv6,dnscry.pt-sydney-ipv6,"DNSCry.pt Sydney - DNSCrypt, no filter, no logs, DNSSEC support (IPv6 server)",,,,2,yes,yes,no,[2a0c:8fc1:8004:553::145a:bbf9],2.dnscrypt-cert.dnscry.pt,6AF1:EE9B:852C:207A:7B40:7954:51FF:F761:5DF7:12CB:CE82:B503:EDAB:4BDB:FC29:75F2,
dnscry.pt-taipeh-ipv4,dnscry.pt-taipeh-ipv4,"DNSCry.pt Taipeh - DNSCrypt, no filter, no logs, DNSSEC support (IPv4 server)",,,,2,yes,yes,no,103.131.189.11,2.dnscrypt-cert.dnscry.pt,830B:232F:BF06:7BC9:4DCD:B78B:D897:D0B9:4E81:3CC1:C2DB:A6C5:BC67:B687:7CAE:2EF9,
dnscry.pt-taipeh-ipv6,dnscry.pt-taipeh-ipv6,"DNSCry.pt Taipeh - DNSCrypt, no filter, no logs, DNSSEC support (IPv6 server)",,,,2,yes,yes,no,[2403:cfc0:1004:369::5b21],2.dnscrypt-cert.dnscry.pt,830B:232F:BF06:7BC9:4DCD:B78B:D897:D0B9:4E81:3CC1:C2DB:A6C5:BC67:B687:7CAE:2EF9,
dnscry.pt-tallinn-ipv4,dnscry.pt-tallinn-ipv4,"DNSCry.pt Tallinn - DNSCrypt, no filter, no logs, DNSSEC support (IPv4 server)",,,,2,yes,yes,no,185.194.53.22,2.dnscrypt-cert.dnscry.pt,AF45:9A81:E19E:A7D7:2303:9C98:A58D:F467:A12C:4D81:D99D:2955:F8F0:9FBD:9B2C:4CD7,
dnscry.pt-tallinn-ipv6,dnscry.pt-tallinn-ipv6,"DNSCry.pt Tallinn - DNSCrypt, no filter, no logs, DNSSEC support (IPv6 server)",,,,2,yes,yes,no,[2a04:6f00:4::17a],2.dnscrypt-cert.dnscry.pt,AF45:9A81:E19E:A7D7:2303:9C98:A58D:F467:A12C:4D81:D99D:2955:F8F0:9FBD:9B2C:4CD7,
dnscry.pt-tampa-ipv4,dnscry.pt-tampa-ipv4,"DNSCry.pt Tampa - DNSCrypt, no filter, no logs, DNSSEC support (IPv4 server)",,,,2,yes,yes,no,165.140.117.248,2.dnscrypt-cert.dnscry.pt,5F2B:87C5:5A35:BAE4:F445:DFFE:3631:9335:2F2F:6DD1:92C7:7430:3FD2:ECBA:DEB9:34CC,
dnscry.pt-tampa-ipv6,dnscry.pt-tampa-ipv6,"DNSCry.pt Tampa - DNSCrypt, no filter, no logs, DNSSEC support (IPv6 server)",,,,2,yes,yes,no,[2602:fcc0:2222:0:ff24:a2c7:19c:1],2.dnscrypt-cert.dnscry.pt,5F2B:87C5:5A35:BAE4:F445:DFFE:3631:9335:2F2F:6DD1:92C7:7430:3FD2:ECBA:DEB9:34CC,
dnscry.pt-taos-ipv4,dnscry.pt-taos-ipv4,"DNSCry.pt Taos - DNSCrypt, no filter, no logs, DNSSEC support (IPv4 server)",,,,2,yes,yes,no,63.133.223.138,2.dnscrypt-cert.dnscry.pt,8820:CB8E:EA35:3B34:B343:E72E:E0CA:E547:2948:9B7F:B7B5:D599:3AF4:B569:F542:5A8D,
dnscry.pt-taos-ipv6,dnscry.pt-taos-ipv6,"DNSCry.pt Taos - DNSCrypt, no filter, no logs, DNSSEC support (IPv6 server)",,,,2,yes,yes,no,[2606:6680:53:1::846a:bd79],2.dnscrypt-cert.dnscry.pt,8820:CB8E:EA35:3B34:B343:E72E:E0CA:E547:2948:9B7F:B7B5:D599:3AF4:B569:F542:5A8D,
dnscry.pt-tbilisi-ipv4,dnscry.pt-tbilisi-ipv4,"DNSCry.pt Tbilisi - DNSCrypt, no filter, no logs, DNSSEC support (IPv4 server)",,,,2,yes,yes,no,194.135.119.45,2.dnscrypt-cert.dnscry.pt,8598:BFDB:8248:B3CE:98F8:F858:A2A4:D078:8142:84E3:7F33:C5AD:53E0:2AEC:07E4:8D13,
dnscry.pt-tbilisi-ipv6,dnscry.pt-tbilisi-ipv6,"DNSCry.pt Tbilisi - DNSCrypt, no filter, no logs, DNSSEC support (IPv6 server)",,,,2,yes,yes,no,[2a12:e340:2000:b4::52a4],2.dnscrypt-cert.dnscry.pt,8598:BFDB:8248:B3CE:98F8:F858:A2A4:D078:8142:84E3:7F33:C5AD:53E0:2AEC:07E4:8D13,
dnscry.pt-tokyo-ipv4,dnscry.pt-tokyo-ipv4,"DNSCry.pt Tokyo - DNSCrypt, no filter, no logs, DNSSEC support (IPv4 server)",,,,2,yes,yes,no,84.33.12.158,2.dnscrypt-cert.dnscry.pt,42E2:52AB:70B9:7837:F21C:D046:5374:DA0B:DACC:24FB:3636:1554:60CA:0CA8:6451:330A,
dnscry.pt-tokyo-ipv6,dnscry.pt-tokyo-ipv6,"DNSCry.pt Tokyo - DNSCrypt, no filter, no logs, DNSSEC support (IPv6 server)",,,,2,yes,yes,no,[2a0c:8fc1:6441::412:ab34],2.dnscrypt-cert.dnscry.pt,42E2:52AB:70B9:7837:F21C:D046:5374:DA0B:DACC:24FB:3636:1554:60CA:0CA8:6451:330A,
dnscry.pt-tokyo02-ipv4,dnscry.pt-tokyo02-ipv4,"DNSCry.pt Tokyo 02 - DNSCrypt, no filter, no logs, DNSSEC support (IPv4 server)",,,,2,yes,yes,no,103.179.45.6,2.dnscrypt-cert.dnscry.pt,DF6A:2E6C:A758:A6F8:13C7:C1B3:3518:29D3:AA7D:B414:86D0:7EEB:EFC9:B2AC:19FD:298E,
dnscry.pt-tokyo02-ipv6,dnscry.pt-tokyo02-ipv6,"DNSCry.pt Tokyo 02 - DNSCrypt, no filter, no logs, DNSSEC support (IPv6 server)",,,,2,yes,yes,no,[2a0a:6040:973d::a],2.dnscrypt-cert.dnscry.pt,DF6A:2E6C:A758:A6F8:13C7:C1B3:3518:29D3:AA7D:B414:86D0:7EEB:EFC9:B2AC:19FD:298E,
dnscry.pt-toronto-ipv4,dnscry.pt-toronto-ipv4,"DNSCry.pt Toronto - DNSCrypt, no filter, no logs, DNSSEC support (IPv4 server)",,,,2,yes,yes,no,23.134.89.23,2.dnscrypt-cert.dnscry.pt,7884:414D:1505:3ADB:BFFB:A4F9:5097:E93A:4E45:3584:6969:3846:5EED:E83B:575B:4E0D,
dnscry.pt-toronto-ipv6,dnscry.pt-toronto-ipv6,"DNSCry.pt Toronto - DNSCrypt, no filter, no logs, DNSSEC support (IPv6 server)",,,,2,yes,yes,no,[2602:fba1:d00::23:1],2.dnscrypt-cert.dnscry.pt,7884:414D:1505:3ADB:BFFB:A4F9:5097:E93A:4E45:3584:6969:3846:5EED:E83B:575B:4E0D,
dnscry.pt-valdivia-ipv4,dnscry.pt-valdivia-ipv4,"DNSCry.pt Valdivia - DNSCrypt, no filter, no logs, DNSSEC support (IPv4 server)",,,,2,yes,yes,no,216.73.159.26,2.dnscrypt-cert.dnscry.pt,9E9A:F5B6:1C58:4F84:A458:ADFC:3846:E23C:E41A:DCD4:956B:204D:EDFF:0190:C551:102F,
dnscry.pt-valdivia-ipv6,dnscry.pt-valdivia-ipv6,"DNSCry.pt Valdivia - DNSCrypt, no filter, no logs, DNSSEC support (IPv6 server)",,,,2,yes,yes,no,[2a06:a006:d1d1::116],2.dnscrypt-cert.dnscry.pt,9E9A:F5B6:1C58:4F84:A458:ADFC:3846:E23C:E41A:DCD4:956B:204D:EDFF:0190:C551:102F,
dnscry.pt-warsaw02-ipv4,dnscry.pt-warsaw02-ipv4,"DNSCry.pt Warsaw 02 - DNSCrypt, no filter, no logs, DNSSEC support (IPv4 server)",,,,2,yes,yes,no,88.218.206.137,2.dnscrypt-cert.dnscry.pt,4E36:0674:5ECA:6682:30A5:A0FC:5591:322A:C6B0:1A6A:38EC:E57A:40E1:F14C:2C7D:5110,
dnscry.pt-warsaw02-ipv6,dnscry.pt-warsaw02-ipv6,"DNSCry.pt Warsaw 02 - DNSCrypt, no filter, no logs, DNSSEC support (IPv6 server)",,,,2,yes,yes,no,[2a09:b280:fe00:24::a],2.dnscrypt-cert.dnscry.pt,4E36:0674:5ECA:6682:30A5:A0FC:5591:322A:C6B0:1A6A:38EC:E57A:40E1:F14C:2C7D:5110,
dnscrypt.ca-1,dnscrypt.ca-1,"Free, Canadian, uncensored, no-logs, encrypted, and DNSSEC validated DNS service for your pleasure. https://dnscrypt.ca/",,,,2,yes,yes,no,167.114.220.125,2.dnscrypt-cert.dnscrypt.ca-1,1A53:A3C9:5078:9CBD:D10B:1933:A468:9B6C:846A:40F1:B73D:1752:AECA:C982:9ECB:7CE2,
dnscrypt.ca-1-ipv6,dnscrypt.ca-1-ipv6,"Free, Canadian, uncensored, no-logs, encrypted, and DNSSEC validated DNS service for your pleasure. https://dnscrypt.ca/",,,,2,yes,yes,no,[2607:5300:61:95f:7283:11d9:f86:e689],2.dnscrypt-cert.dnscrypt.ca-1-ipv6,20D9:19D4:EC3C:5008:CDC7:0A51:EA2B:4FCB:FE8A:993C:6431:D0EC:681D:5EA7:3845:AB80,
dnscrypt.ca-2,dnscrypt.ca-2,"Free, Canadian, uncensored, no-logs, encrypted, and DNSSEC validated DNS service for your pleasure. https://dnscrypt.ca/",,,,2,yes,yes,no,149.56.228.45,2.dnscrypt-cert.dnscrypt.ca-2,0108:54AB:3B56:A7EE:F9D3:9158:FEF6:820B:FF93:A235:7C89:1608:DB9E:15D3:BBE0:1185,
dnscrypt.ca-2-ipv6,dnscrypt.ca-2-ipv6,"Free, Canadian, uncensored, no-logs, encrypted, and DNSSEC validated DNS service for your pleasure. https://dnscrypt.ca/",,,,2,yes,yes,no,[2607:5300:61:95f:7283:11d9:f86:e690],2.dnscrypt-cert.dnscrypt.ca-2-ipv6,987C:70A8:97DB:DA15:1A34:AD4B:55EA:800E:F561:CC04:AAD5:C57D:D2C3:D861:FC17:F429,
dnscrypt.pl,dnscrypt.pl,Free | No filtering | Zero logs | DNSSEC | Poland | https://dnscrypt.pl/ | @dnscryptpl,,,,2,yes,yes,no,178.216.201.128:2053,2.dnscrypt-cert.dnscrypt.pl,7F61:7CB8:1EA5:53D2:34C4:9BC2:79C7:4F7B:5498:050D:1DBF:111A:FEE6:9963:C647:A169,
dnscrypt.pl-guardian,dnscrypt.pl-guardian,Free | Malware and phishing filtering | Zero logs | DNSSEC | Poland | https://dnscrypt.pl/ | @dnscryptpl,,,,2,yes,yes,no,178.216.201.128:2054,2.dnscrypt-cert.dnscrypt.pl,7F61:7CB8:1EA5:53D2:34C4:9BC2:79C7:4F7B:5498:050D:1DBF:111A:FEE6:9963:C647:A169,
dnscrypt.uk-ipv4,dnscrypt.uk-ipv4,"DNSCrypt, no logs, uncensored, DNSSEC. Hosted in London UK on Digital Ocean",,,,2,yes,yes,no,165.232.32.95,2.dnscrypt-cert.dnscrypt.uk,01D3:0EE8:0E20:4DDA:1871:D3A1:0F28:5154:6765:BF14:B4DA:4404:A4FF:046D:7DA9:683C,
dnscrypt.uk-ipv6,dnscrypt.uk-ipv6,"DNSCrypt, no logs, uncensored, DNSSEC. Hosted in London UK on Digital Ocean",,,,2,yes,yes,no,[2a03:b0c0:1:e0::487:1001],2.dnscrypt-cert.dnscrypt.uk,01D3:0EE8:0E20:4DDA:1871:D3A1:0F28:5154:6765:BF14:B4DA:4404:A4FF:046D:7DA9:683C,
dnsforfamily,dnsforfamily,"(DNSCrypt Protocol) (Now supports DNSSEC). Block adult websites, gambling websites, malwares and advertisements.",,,,2,yes,yes,no,78.47.64.161,dnsforfamily.com,1325:E2CE:0015:CD49:8712:248A:2A47:9FE2:518C:FCED:8E0E:79C3:0B07:CE1A:1002:8FAD,
dnsforfamily-no-safe-search,dnsforfamily-no-safe-search,"(DNSCrypt Protocol) (Now supports DNSSEC) Block adult websites, gambling websites, malwares and advertisements.",,,,2,yes,yes,no,135.181.193.222,dnsforfamily.com,EBC5:C67F:845B:4613:AB5F:013B:D065:88F1:825E:694D:8FDE:D9C4:47FE:6B3C:6C45:A87C,
dnsforfamily-v6,dnsforfamily-v6,"(DNSCrypt Protocol) (Now supports DNSSEC) Block adult websites, gambling websites, malwares and advertisements.",,,,2,yes,yes,no,[2a01:4f8:1c17:4df8::1],dnsforfamily.com,1325:E2CE:0015:CD49:8712:248A:2A47:9FE2:518C:FCED:8E0E:79C3:0B07:CE1A:1002:8FAD,
dnswarden-uncensor-dc-swiss,dnswarden-uncensor-dc-swiss,Hosted in switzerland.,,,,2,yes,yes,no,188.244.117.114:1443,2.dnscrypt-cert.dnswarden-uncensored-swiss,E2B4:27A5:CE37:8623:3E65:E396:89C8:E4BC:7465:E9C1:E438:A7EE:1AD7:FBCB:9894:3C47,
doh.tiar.app,doh.tiar.app,Non-Logging DNSCrypt server located in Singapore.,,,,2,yes,yes,no,174.138.21.128,2.dnscrypt-cert.dns.tiar.app,EF96:8066:E8D9:94F0:65D8:3EDD:D31A:EEED:F56D:8657:463E:4ACA:47CD:D7FE:97C3:D4F6,
doh.tiar.app-ipv6,doh.tiar.app-ipv6,Non-Logging DNSCrypt (IPv6) server located in Singapore.,,,,2,yes,yes,no,[2400:6180:0:d0::5f6e:4001],2.dnscrypt-cert.dns.tiar.app,EF96:8066:E8D9:94F0:65D8:3EDD:D31A:EEED:F56D:8657:463E:4ACA:47CD:D7FE:97C3:D4F6,
faelix-ch-ipv4,faelix-ch-ipv4,"An open (non-logging, non-filtering, no ECS) DNSCrypt resolver operated by https://faelix.net/ with IPv4 nodes anycast within AS41495 in Switzerland.",,,,2,no,yes,no,185.134.196.54:8443,2.dnscrypt-cert.rdns.faelix.net,7ECB:EF3E:2F01:8032:8D60:E0E1:D1EC:23E4:E877:D8EA:09A1:9370:1A04:D6B3:C0BE:8BE1,
faelix-uk-ipv4,faelix-uk-ipv4,"An open (non-logging, non-filtering, no ECS) DNSCrypt resolver operated by https://faelix.net/ with IPv4 nodes anycast within AS41495 in the UK.",,,,2,no,yes,no,46.227.200.54:8443,2.dnscrypt-cert.rdns.faelix.net,7ECB:EF3E:2F01:8032:8D60:E0E1:D1EC:23E4:E877:D8EA:09A1:9370:1A04:D6B3:C0BE:8BE1,
faelix-uk-ipv6,faelix-uk-ipv6,"An open (non-logging, non-filtering, no ECS) DNSCrypt resolver operated by https://faelix.net/ with IPv6 nodes anycast within AS41495 in the UK.",,,,2,no,yes,no,[2a01:9e00::54]:8443,2.dnscrypt-cert.rdns.faelix.net,7ECB:EF3E:2F01:8032:8D60:E0E1:D1EC:23E4:E877:D8EA:09A1:9370:1A04:D6B3:C0BE:8BE1,
ffmuc.net,ffmuc.net,"An open (non-logging, non-filtering, non-censoring) DNSCrypt resolver operated by Freifunk Munich with nodes in DE.",,,,2,yes,yes,no,5.1.66.255:8443,2.dnscrypt-cert.ffmuc.net,07D0:7AF1:CFDC:5D99:769D:3F02:6690:A704:4965:C274:276C:791C:AEF5:AEF3:B90C:46FA,
ffmuc.net-v6,ffmuc.net-v6,"An open (non-logging, non-filtering, non-censoring) DNSCrypt resolver operated by Freifunk Munich with nodes in DE.",,,,2,yes,yes,no,[2001:678:e68:f000::]:8443,2.dnscrypt-cert.ffmuc.net,07D0:7AF1:CFDC:5D99:769D:3F02:6690:A704:4965:C274:276C:791C:AEF5:AEF3:B90C:46FA,
jp.tiar.app,jp.tiar.app,"Non-Logging, Non-Filtering DNSCrypt server in Japan.",,,,2,yes,yes,no,172.104.93.80:1443,2.dnscrypt-cert.jp.tiar.app,32B8:763E:F1BF:6536:A1DE:6A13:C0CD:6F48:A179:E388:B699:A537:8D6D:5B3C:4CDF:5453,
jp.tiar.app-ipv6,jp.tiar.app-ipv6,"Non-Logging, Non-Filtering DNSCrypt (IPv6) server in Japan.",,,,2,yes,yes,no,[2400:8902::f03c:91ff:feda:c514]:1443,2.dnscrypt-cert.jp.tiar.app,32B8:763E:F1BF:6536:A1DE:6A13:C0CD:6F48:A179:E388:B699:A537:8D6D:5B3C:4CDF:5453,
ksol.io-ns2-dnscrypt-ipv4,ksol.io-ns2-dnscrypt-ipv4,"DNSCrypt on IPv4 (UDP/TCP). No DoH, doesn't log, doesn't filter, DNSSEC enforced. No EDNS Client-Subnet, padding enabled, as per `dnscrypt-server-docker` default unbound configuration. Location: Hungary",,,,2,yes,yes,no,193.201.188.48:443,2.dnscrypt-cert.ns2.ksol.io,1111:29D4:0980:B4A3:A824:8AF7:D7B6:7FF5:914D:0CC4:ABDF:FF0D:E5E5:405B:F1C6:167A,
ksol.io-ns2-dnscrypt-ipv6,ksol.io-ns2-dnscrypt-ipv6,"DNSCrypt on IPv6 (UDP/TCP). No DoH, doesn't log, doesn't filter, DNSSEC enforced. No EDNS Client-Subnet, padding enabled, as per `dnscrypt-server-docker` default unbound configuration. Location: Hungary",,,,2,yes,yes,no,[2a01:6ee0:1::241:1]:443,2.dnscrypt-cert.ns2.ksol.io,1111:29D4:0980:B4A3:A824:8AF7:D7B6:7FF5:914D:0CC4:ABDF:FF0D:E5E5:405B:F1C6:167A,
meganerd,meganerd,DNSCrypt server by MegaNerd.nl (IPv4) - https://meganerd.nl/encrypted-dns-server,,,,2,yes,yes,no,95.179.131.82,2.dnscrypt-cert.snoke.meganerd.nl,2118:9941:D366:0C98:FCCD:2C52:6DBD:6ACC:4100:5373:E3A3:4B15:063A:4974:80A4:7E3E,
meganerd-ipv6,meganerd-ipv6,DNSCrypt server by MegaNerd.nl (IPv6) - https://meganerd.nl/encrypted-dns-server,,,,2,yes,yes,no,[2a05:f480:1400:2b00::1],2.dnscrypt-cert.snoke.meganerd.nl,2118:9941:D366:0C98:FCCD:2C52:6DBD:6ACC:4100:5373:E3A3:4B15:063A:4974:80A4:7E3E,
openinternet,openinternet,"DNSCrypt resolver colocated at Sonic.net in Santa Rosa, CA in the United States.",,,,2,yes,yes,no,70.36.170.126,2.dnscrypt-cert.openinternet,1D18:6875:29E1:EA7D:25CA:5F13:D1DE:5ED8:E49A:A6CA:E5E3:9E6C:B293:925B:F70B:950D,
plan9dns-fl,plan9dns-fl,"Miami Florida, US No-logs, no-filters, DNSSEC -info https://jlongua.github.io/plan9-dns",,,,2,yes,yes,no,149.28.101.119:8443,2.dnscrypt-cert.pluton.plan9-dns.com,55A1:55E1:AF12:B487:F1F1:F9C2:C43C:5597:1A69:AA6F:A125:8C82:2AAB:4CB5:010D:9C2C,
plan9dns-mx,plan9dns-mx,"Mexico City, Mexico No-logs, no-filters, DNSSEC -info https://jlongua.github.io/plan9-dns",,,,2,yes,yes,no,216.238.80.219:8443,2.dnscrypt-cert.helios.plan9-dns.com,2A63:C2BA:2DF9:AED3:A3F7:293B:734E:EC12:D0BF:2A1C:A8FF:DFC7:7293:B6DC:60AB:A0DB,
plan9dns-nj,plan9dns-nj,"Piscataway New Jersey, US No-logs, no-filters, DNSSEC -info https://jlongua.github.io/plan9-dns",,,,2,yes,yes,no,207.246.87.96:8443,2.dnscrypt-cert.kronos.plan9-dns.com,B099:0948:0E92:A4F1:28A2:CAB2:5B3E:02A1:1F10:AB04:92DB:F195:A5BB:AB6F:AF52:AF93,
pryv8boi,pryv8boi,"By pryv8, non Logging, uncensored, DNSSEC - hosted on contabo servers",,,,2,yes,yes,no,164.68.121.162:4443,2.dnscrypt-cert.pryv8boi.org,1ED2:8D7D:7A54:3333:F22E:75CA:F036:AE1E:95A6:D51A:A1CF:B2EA:C010:664B:3758:F412,
quad9-dnscrypt-ip4-filter-ecs-pri,quad9-dnscrypt-ip4-filter-ecs-pri,Quad9 (anycast) dnssec/no-log/filter/ecs 9.9.9.11 - 149.112.112.11,,,,2,yes,yes,no,9.9.9.11:8443,2.dnscrypt-cert.quad9.net,67C8:47B8:C875:8CD1:2024:5543:BE75:6746:DF34:DF1D:84C0:0B8C:4703:68DF:821D:863E,
quad9-dnscrypt-ip4-filter-pri,quad9-dnscrypt-ip4-filter-pri,Quad9 (anycast) dnssec/no-log/filter 9.9.9.9 - 149.112.112.9 - 149.112.112.112,,,,2,yes,yes,no,9.9.9.9:8443,2.dnscrypt-cert.quad9.net,67C8:47B8:C875:8CD1:2024:5543:BE75:6746:DF34:DF1D:84C0:0B8C:4703:68DF:821D:863E,
quad9-dnscrypt-ip4-nofilter-ecs-pri,quad9-dnscrypt-ip4-nofilter-ecs-pri,Quad9 (anycast) no-dnssec/no-log/no-filter/ecs 9.9.9.12 - 149.112.112.12,,,,2,no,yes,no,9.9.9.12:8443,2.dnscrypt-cert.quad9.net,67C8:47B8:C875:8CD1:2024:5543:BE75:6746:DF34:DF1D:84C0:0B8C:4703:68DF:821D:863E,
quad9-dnscrypt-ip4-nofilter-pri,quad9-dnscrypt-ip4-nofilter-pri,Quad9 (anycast) no-dnssec/no-log/no-filter 149.112.112.10,,,,2,no,yes,no,149.112.112.10:8443,2.dnscrypt-cert.quad9.net,67C8:47B8:C875:8CD1:2024:5543:BE75:6746:DF34:DF1D:84C0:0B8C:4703:68DF:821D:863E,
safesurfer,safesurfer,"Family safety focused blocklist for over 2 million adult sites, as well as phishing and malware and more.",,,,2,no,yes,no,104.155.237.225,2.dnscrypt-cert.safesurfer.co.nz,2720:7FD5:1204:E836:7B48:3400:5DF9:FFD1:D30B:BE2A:9C33:639E:6EDB:F8AE:D91D:40D8,
saldns01-conoha-ipv4,saldns01-conoha-ipv4,Hosted on ConoHa VPS Tokyo region. No log. No filter. From experimental [&mu;ODNS project](https://junkurihara.github.io/dns/).,,,,2,yes,yes,no,118.27.108.140:50443,2.dnscrypt-cert.saldns01.typeq.org,F2FF:25DB:6DCA:D021:7287:06F2:F647:E445:64FA:E40A:2A8B:1EEF:66C3:D238:B91B:EC65,
saldns02-conoha-ipv4,saldns02-conoha-ipv4,Hosted on ConoHa VPS Tokyo region. No log. No filter. From experimental [&mu;ODNS project](https://junkurihara.github.io/dns/).,,,,2,yes,yes,no,133.130.118.103:50443,2.dnscrypt-cert.saldns02.typeq.org,7B48:8D2A:E3F1:5FF2:5151:5026:E33E:D700:4371:DF75:694B:C721:8351:435C:DCD5:1976,
saldns03-conoha-ipv4,saldns03-conoha-ipv4,Hosted on ConoHa VPS Tokyo region. No log. No filter. From experimental [&mu;ODNS project](https://junkurihara.github.io/dns/).,,,,2,yes,yes,no,133.130.98.250:50443,2.dnscrypt-cert.saldns03.typeq.org,5975:35F3:B031:DDB8:9119:6BD2:65D1:E2B2:A8F9:CFE3:315E:C305:4568:A031:18D7:115E,
sby-limotelu,sby-limotelu,"non-censoring, non-logging, DNSSEC-capable Hosted in Surabaya, Indonesia (Dnscrypt) https://limotelu.org maintained by poentodewo (https://github.com/poentodewo)",,,,2,yes,yes,no,199.180.130.39:8443,2.dnscrypt-cert.sby-limotelu,D54E:4C61:20CA:E7CB:9574:9F1D:2ADA:7451:9682:2921:B4CE:7C10:2D51:D82A:4D50:CAEC,
scaleway-ams,scaleway-ams,DNSSEC/Non-logged/Uncensored in Amsterdam - DEV1-S instance donated by Scaleway.com,,,,2,yes,yes,no,51.15.122.250,2.dnscrypt-cert.scaleway-ams,E90D:D97D:AA5C:6C78:221C:A2C5:ED01:6896:2D13:CB55:6CCF:7457:B354:546F:152B:C190,
scaleway-ams-ipv6,scaleway-ams-ipv6,DNSSEC/Non-logged/Uncensored in Amsterdam - IPv6 only - DEV1-S instance donated by Scaleway.com,,,,2,yes,yes,no,[2001:bc8:1830:b07::1],2.dnscrypt-cert.scaleway-ams,E90D:D97D:AA5C:6C78:221C:A2C5:ED01:6896:2D13:CB55:6CCF:7457:B354:546F:152B:C190,
scaleway-fr,scaleway-fr,DNSSEC/Non-logged/Uncensored in Paris - DEV1-S instance donated by Scaleway.com,,,,2,yes,yes,no,212.47.228.136,2.dnscrypt-cert.fr.dnscrypt.org,E801:B84E:A606:BFB0:BAC0:CE43:445B:B15E:BA64:B02F:A3C4:AA31:AE10:636A:0790:324D,
scaleway-fr-ipv6,scaleway-fr-ipv6,DNSSEC/Non-logged/Uncensored in Paris - IPv6 only - DEV1-S instance donated by Scaleway.com,,,,2,yes,yes,no,[2001:bc8:628:a0f::1],2.dnscrypt-cert.fr.dnscrypt.org,E801:B84E:A606:BFB0:BAC0:CE43:445B:B15E:BA64:B02F:A3C4:AA31:AE10:636A:0790:324D,
serbica,serbica,Public DNSCrypt server in the Netherlands by https://litepay.ch,,,,2,yes,yes,no,185.66.143.178:5353,2.dnscrypt-cert.serbica,F98D:8C42:618E:5E28:2000:42AE:94DF:884C:6127:FCA8:F74C:83F5:50AD:57DB:0877:A3BC,
sfw.scaleway-fr,sfw.scaleway-fr,"Uses deep learning to block adult websites. Free, DNSSEC, no logs.",,,,2,yes,yes,no,163.172.180.125,2.dnscrypt-cert.sfw.scaleway-fr,DF62:73BF:C752:192A:8B5A:39BC:0C85:AC3F:F964:45D7:3644:F662:7282:5D35:58F1:A1FF,
sth-dnscrypt-se,sth-dnscrypt-se,"Resolver in Stockholm, Sweden. DNSCrypt server. Non-logging, non-filtering, DNSSEC.",,,,2,yes,yes,no,45.153.187.96:4343,2.dnscrypt-cert.sth-dnscrypt-se,3093:3BE5:9336:9B46:462C:F91A:F1AD:CBB2:4E3A:FD47:BDE6:06CC:7563:E51D:DA8F:9687,
sth-dnscrypt-se-ipv6,sth-dnscrypt-se-ipv6,"Resolver in Stockholm, Sweden. DNSCrypt server. Non-logging, non-filtering, DNSSEC.",,,,2,yes,yes,no,[2a09:cd42:f:425b::1]:4343,2.dnscrypt-cert.sth-dnscrypt-se,3093:3BE5:9336:9B46:462C:F91A:F1AD:CBB2:4E3A:FD47:BDE6:06CC:7563:E51D:DA8F:9687,
techsaviours.org-dnscrypt,techsaviours.org-dnscrypt,"No filter | No logs | DNSSEC | Nuremberg, Germany (netcup) | Maintained by https://techsaviours.org/",,,,2,yes,yes,no,89.58.6.169:4434,2.dnscrypt-cert.techsaviours.org,0788:AC16:5EE0:0F6F:9E7C:784C:12D1:63C8:2CFF:9C71:4269:0F0E:B1B0:5381:909A:DF3B,
userspace-australia,userspace-australia,DNSCrypt in Australia (Brisbane & Melbourne) by UserSpace.,,,,2,yes,yes,no,103.16.131.77:54,2.dnscrypt-cert.userspace-bne,9D13:6D38:BBF8:233C:447E:46CB:14E6:876B:E9DC:2C89:9D42:23FE:A52D:6368:5639:8E55,
userspace-australia-ipv6,userspace-australia-ipv6,DNSCrypt in Australia (Brisbane & Melbourne) by UserSpace.,,,,2,yes,yes,no,[2404:9400:1:0:216:3eff:fef0:180a]:54,2.dnscrypt-cert.userspace-bne,9D13:6D38:BBF8:233C:447E:46CB:14E6:876B:E9DC:2C89:9D42:23FE:A52D:6368:5639:8E55,
v.dnscrypt.uk-ipv4,v.dnscrypt.uk-ipv4,"DNSCrypt, no logs, uncensored, DNSSEC. Hosted in London UK on Digital Ocean",,,,2,yes,yes,no,104.238.186.192,2.dnscrypt-cert.v.dnscrypt.uk,ED49:3D8C:EAD7:9066:4F06:3C47:B795:9A23:692D:7C90:363C:9E43:CCB5:917B:E5B4:1EE5,
v.dnscrypt.uk-ipv6,v.dnscrypt.uk-ipv6,"DNSCrypt, no logs, uncensored, DNSSEC. Hosted in London UK on Digital Ocean",,,,2,yes,yes,no,[2001:19f0:7402:1574:5400:2ff:fe66:2cff],2.dnscrypt-cert.v.dnscrypt.uk,ED49:3D8C:EAD7:9066:4F06:3C47:B795:9A23:692D:7C90:363C:9E43:CCB5:917B:E5B4:1EE5,
wevpn-singapore,wevpn-singapore,Private DNSCrypt service by WeVPN in Singapore - https://wevpn.com/dns,,,,2,yes,yes,no,143.244.33.74:15353,2.dnscrypt-cert.secure.dns.test,1535:F0BB:931F:6240:4EAD:1A43:7A80:7EC8:E584:8C29:DFFA:5DF2:8B18:6DBB:3B8F:06C9,
